행정동_코드,행정동_코드_명,총_유동인구_수_상관계수,총_유동인구_수_위험도점수,지출_총금액_상관계수,지출_총금액_위험도점수,직장_인구_수_상관계수,직장_인구_수_위험도점수,점포_수_상관계수,점포_수_위험도점수,종합_위험도_점수
11110515,청운효자동,0.016958953367143575,0.9830410466328564,0.04835945785877897,0.9516405421412211,,,0.7373024862076257,0.26269751379237427,0.7324597008554838
11110530,사직동,0.01658635208750758,0.9834136479124924,0.01459304852254192,0.985406951477458,,,0.9371058119962152,0.06289418800378477,0.6772382624645784
11110540,삼청동,0.07571350682674122,0.9242864931732588,0.08226900167317032,0.9177309983268297,,,0.9392789240005358,0.06072107599946419,0.6342461891665175
11110550,부암동,-0.024685120727380085,1.0246851207273802,0.06728003533919599,0.932719964660804,,,0.21786816956046337,0.7821318304395366,0.9131789719425735
11110560,평창동,0.002822314484675225,0.9971776855153248,0.008738400185097665,0.9912615998149024,,,0.6194643689873653,0.38053563101263466,0.7896583054476206
11110570,무악동,-0.010533166211615989,1.010533166211616,0.015310572523253943,0.984689427476746,,,-0.09797544458613452,1.0979754445861345,1.0310660127581655
11110580,교남동,-0.0060308848295791626,1.0060308848295791,-0.00818165677590128,1.0081816567759012,,,0.6828349843847692,0.3171650156152308,0.7771258524069037
11110600,가회동,0.033115377051895316,0.9668846229481047,0.050893499536199684,0.9491065004638003,,,0.8429319877672531,0.1570680122327469,0.6910197118815508
11110615,종로1?2?3?4가동,,,,,,,,,
11110630,종로5?6가동,,,,,,,,,
11110640,이화동,0.03228699752938992,0.9677130024706101,0.02296196693948488,0.9770380330605151,,,0.6329697876290424,0.36703021237095756,0.7705937493006942
11110650,혜화동,0.01212183382358412,0.9878781661764159,0.014996706483037572,0.9850032935169625,,,0.8807346261828733,0.11926537381712665,0.697382277836835
11110670,창신1동,0.011055669951490047,0.9889443300485099,0.006173417062070887,0.9938265829379291,,,0.42327415698446497,0.5767258430155351,0.8531655853339913
11110680,창신2동,0.005117086466458208,0.9948829135335417,0.009586094611102054,0.990413905388898,,,0.781909280011352,0.21809071998864804,0.7344625129703625
11110690,창신3동,0.0794835259292581,0.9205164740707419,-0.011168318434234405,1.0111683184342344,,,0.311111727931785,0.688888272068215,0.8735243548577305
11110700,숭인1동,0.06206119135463875,0.9379388086453613,0.026521094598057487,0.9734789054019425,,,0.23800990537843683,0.7619900946215632,0.8911359362229557
11110710,숭인2동,-0.022039985525040034,1.02203998552504,0.006415970368065748,0.9935840296319343,,,0.7304695057583257,0.2695304942416743,0.7617181697995495
11140520,소공동,-4.280219860594339e-06,1.0000042802198605,0.007595743091448891,0.9924042569085512,,,0.3547850633403167,0.6452149366596833,0.8792078245960316
11140540,회현동,0.02445388843914259,0.9755461115608575,0.02938637774406348,0.9706136222559365,,,0.8375726723404708,0.16242732765952916,0.702862353825441
11140550,명동,0.010387399323761324,0.9896126006762387,0.008106160170251616,0.9918938398297484,,,0.7804399816350952,0.2195600183649048,0.7336888196236306
11140570,필동,0.022672015337200608,0.9773279846627994,0.025914836244592107,0.9740851637554079,,,0.9003538685496872,0.09964613145031276,0.68368642662284
11140580,장충동,-0.02615500012359033,1.0261550001235904,-0.0300891878543562,1.030089187854356,,,0.8744472128946319,0.1255527871053681,0.7272656583611049
11140590,광희동,-0.0073378724700666,1.0073378724700666,-0.005916016151211457,1.0059160161512115,,,0.1326886524765761,0.8673113475234239,0.9601884120482339
11140605,을지로동,-0.008342139933405806,1.0083421399334058,0.007376730256657715,0.9926232697433423,,,0.6215120496939758,0.3784879503060242,0.7931511199942575
11140615,신당동,0.00804930065555789,0.9919506993444421,0.024054699291870856,0.9759453007081291,,,0.961378207913086,0.038621792086913964,0.6688392640464951
11140625,다산동,0.0337488347911659,0.9662511652088341,0.03865835042089078,0.9613416495791092,,,0.5308340616062063,0.4691659383937937,0.7989195843939124
11140635,약수동,-0.03620738222331182,1.0362073822233118,0.024009594420694686,0.9759904055793053,,,0.4832082103883775,0.5167917896116225,0.8429965258047464
11140645,청구동,0.018730028448297888,0.9812699715517021,0.0019602012291014383,0.9980397987708985,,,0.8150041712087279,0.18499582879127208,0.7214351997046243
11140650,신당5동,-0.023870475649498755,1.0238704756494987,0.018836574819008887,0.9811634251809911,,,0.7052193325522403,0.29478066744775966,0.7666048560927498
11140665,동화동,-0.004229427802242373,1.0042294278022423,0.04985163236389464,0.9501483676361053,,,0.8563692407334228,0.1436307592665772,0.6993361849016416
11140670,황학동,-8.53769606570666e-05,1.000085376960657,0.02183328511717565,0.9781667148828244,,,0.6813820586434467,0.3186179413565533,0.7656233444000117
11140680,중림동,-0.04049320543418458,1.0404932054341847,0.020097619334603252,0.9799023806653967,,,0.6331953764432651,0.36680462355673493,0.7957334032187721
11170510,후암동,-0.0064960713638488165,1.0064960713638489,0.006518051281242132,0.9934819487187578,,,0.5772121566956401,0.4227878433043599,0.8075886211289888
11170520,용산2가동,0.045133272178252345,0.9548667278217476,0.04312797342430991,0.95687202657569,,,0.5597824265525778,0.4402175734474222,0.7839854426149532
11170530,남영동,0.0019312907884863925,0.9980687092115136,0.013438712981611586,0.9865612870183884,,,0.8823810241932687,0.11761897580673131,0.7007496573455444
11170555,청파동,0.03759747521432717,0.9624025247856728,0.03575454039095804,0.964245459609042,,,0.6747561713083836,0.3252438286916164,0.7506306043621104
11170560,원효로1동,-0.0034274692075300047,1.00342746920753,-0.0023902686942846928,1.0023902686942847,,,0.9763763791909257,0.02362362080907432,0.6764804529036296
11170570,원효로2동,-0.015871638590472827,1.015871638590473,0.021477407408398992,0.978522592591601,,,0.9618213924811678,0.038178607518832175,0.6775242795669687
11170580,효창동,0.03863903377489433,0.9613609662251057,0.03214328661649676,0.9678567133835032,,,0.38666330723211567,0.6133366927678843,0.8475181241254978
11170590,용문동,0.01647528955182913,0.9835247104481709,-0.015046503153993826,1.015046503153994,,,0.4697558435282022,0.5302441564717978,0.842938456691321
11170625,한강로동,-0.006881033014662975,1.006881033014663,-0.0017064868757378736,1.001706486875738,,,0.8806825884624845,0.11931741153751552,0.7093016438093054
11170630,이촌1동,-0.0013736002990445916,1.0013736002990445,0.004487865461388558,0.9955121345386114,,,0.4469414130859276,0.5530585869140724,0.8499814405839095
11170640,이촌2동,0.03239794098825537,0.9676020590117447,0.031978861113115105,0.9680211388868849,,,0.3235178057171079,0.676482194282892,0.8707017973938406
11170650,이태원1동,-0.00907947855142364,1.0090794785514237,0.01801651342884744,0.9819834865711525,,,0.8182769306611851,0.18172306933881488,0.7242620114871303
11170660,이태원2동,-0.007526936944521271,1.0075269369445212,0.025545791327782244,0.9744542086722178,,,0.6286373234117147,0.37136267658828526,0.7844479407350081
11170685,한남동,-0.0037553189973067104,1.0037553189973067,0.014946479924176087,0.9850535200758239,,,0.7899691743929517,0.21003082560704833,0.732946554893393
11170690,서빙고동,-0.031048534412714254,1.0310485344127143,0.05444211190829692,0.945557888091703,,,0.11295496041481781,0.8870450395851822,0.9545504873631998
11170700,보광동,0.03689753799214199,0.963102462007858,-0.01092497248398621,1.0109249724839862,,,0.6973331625487058,0.3026668374512942,0.7588980906477127
11200520,왕십리2동,-0.015711726137280033,1.0157117261372801,0.029381704811703366,0.9706182951882967,,,0.38732116845612397,0.612678831543876,0.8663362842898176
11200535,왕십리도선동,0.020595100897751833,0.9794048991022481,-0.006061864336890368,1.0060618643368904,,,0.6845237802806552,0.3154762197193448,0.7669809943861612
11200540,마장동,0.004021992878837549,0.9959780071211625,0.009578521007829133,0.9904214789921708,,,0.8230050639729154,0.1769949360270846,0.721131474046806
11200550,사근동,0.0442539794950583,0.9557460205049417,0.04016630751394441,0.9598336924860555,,,0.7609839755891697,0.23901602441083025,0.7181985791339426
11200560,행당1동,-0.0010651314340450835,1.001065131434045,0.003468611766978782,0.9965313882330212,,,0.554422916346392,0.44557708365360804,0.8143912011068916
11200570,행당2동,0.007417136643789698,0.9925828633562103,-0.005660318060175432,1.0056603180601755,,,0.3129317073406844,0.6870682926593157,0.8951038246919006
11200580,응봉동,0.05001500636771567,0.9499849936322843,0.004721212929650249,0.9952787870703498,,,0.5207452994330632,0.47925470056693675,0.8081728270898569
11200590,금호1가동,-0.0643725235250338,1.0643725235250339,0.014574412735191755,0.9854255872648082,,,0.5127736670946352,0.48722633290536477,0.845674814565069
11200615,금호2?3가동,,,,,,,,,
11200620,금호4가동,-0.020744455338978326,1.0207444553389784,0.008388170657438578,0.9916118293425614,,,0.4527496953226796,0.5472503046773204,0.8532021964529534
11200645,옥수동,-0.014797859703764621,1.0147978597037646,0.017264382800930386,0.9827356171990697,,,0.5908866922268688,0.40911330777313115,0.8022155948919885
11200650,성수1가1동,0.04138683439566071,0.9586131656043393,0.03776134740285148,0.9622386525971485,,,0.5164848962737378,0.48351510372626216,0.8014556406425832
11200660,성수1가2동,0.028885099926443822,0.9711149000735562,0.009716634204139879,0.9902833657958601,,,0.6959723267621453,0.30402767323785473,0.7551419797024237
11200670,성수2가1동,-0.024203950242514326,1.0242039502425144,0.025349275449756504,0.9746507245502435,,,0.6590707776611621,0.34092922233883793,0.7799279657105319
11200690,성수2가3동,0.006769568491133857,0.9932304315088661,0.006163888606781359,0.9938361113932186,,,0.8089968759888044,0.19100312401119557,0.7260232223044266
11200720,송정동,-0.004965885068889805,1.0049658850688898,0.04309713655137655,0.9569028634486234,,,0.4003860875929368,0.5996139124070632,0.8538275536415254
11200790,용답동,-0.01133618859750227,1.0113361885975023,0.022827700580413543,0.9771722994195865,,,0.6838415824403582,0.3161584175596418,0.7682223018589102
11215710,화양동,0.009952711376758027,0.990047288623242,0.011008054027265872,0.9889919459727341,,,0.8519224748190282,0.14807752518097184,0.7090389199256494
11215730,군자동,0.01664441057628392,0.983355589423716,0.01244849962000913,0.9875515003799908,,,0.7269969643300593,0.27300303566994066,0.7479700418245492
11215740,중곡1동,-0.017340199857319775,1.0173401998573197,0.014736020928838328,0.9852639790711617,,,0.5301804647891006,0.46981953521089936,0.8241412380464603
11215750,중곡2동,-0.00626637843770623,1.0062663784377062,0.010233207756288498,0.9897667922437114,,,0.5721557614348611,0.42784423856513887,0.8079591364155189
11215760,중곡3동,-0.002149089729767934,1.002149089729768,0.0016700556899416463,0.9983299443100584,,,0.4217561601368402,0.5782438398631597,0.8595742913009955
11215770,중곡4동,-0.0064206702935092385,1.0064206702935092,-0.002293659135012775,1.0022936591350127,,,0.4623349515507406,0.5376650484492593,0.8487931259592605
11215780,능동,0.022684280280635214,0.9773157197193648,0.010023899570650568,0.9899761004293495,,,0.6074709980837345,0.3925290019162655,0.7866069406883266
11215810,광장동,0.030199396546428205,0.9698006034535718,0.03052080242230762,0.9694791975776924,,,0.5147288949015316,0.4852711050984684,0.8081836353765776
11215820,자양1동,0.011328241663410272,0.9886717583365897,0.032006936926513914,0.9679930630734861,,,0.5826095299551859,0.4173904700448141,0.7913517638182966
11215830,자양2동,0.006584832255486166,0.9934151677445139,-0.009730516735844531,1.0097305167358446,,,0.4257726276774136,0.5742273723225864,0.8591243522676484
11215840,자양3동,0.003254755273896333,0.9967452447261037,0.021463445075747586,0.9785365549242524,,,0.5929194942618192,0.4070805057381808,0.7941207684628456
11215847,자양4동,0.016334266982768214,0.9836657330172318,0.011940869189446961,0.9880591308105531,,,0.7244268802020074,0.2755731197979926,0.7490993278752591
11215850,구의1동,0.03599154855858716,0.9640084514414129,-0.0135249161030254,1.0135249161030253,,,0.6759842980281495,0.3240157019718505,0.7671830231720963
11215860,구의2동,-0.019338409617416126,1.019338409617416,0.015369641486115616,0.9846303585138844,,,0.6948992997332201,0.30510070026677993,0.7696898227993602
11215870,구의3동,-0.014941118365738157,1.0149411183657382,0.0163331717356599,0.9836668282643402,,,0.7975905757175512,0.2024094242824488,0.7336724569708424
11230536,용신동,-0.008797263048064262,1.0087972630480642,0.024008566059409174,0.9759914339405908,,,0.5159187669776765,0.48408123302232353,0.8229566433369929
11230545,제기동,-0.0020866383507676793,1.0020866383507676,-0.0023343965080569544,1.002334396508057,,,0.8916414621896013,0.10835853781039873,0.7042598575564077
11230560,전농1동,-0.002003942057917363,1.0020039420579174,0.007377619277822267,0.9926223807221777,,,0.18911055437911728,0.8108894456208827,0.9351719228003259
11230570,전농2동,0.019937420448830217,0.9800625795511698,0.012071690323820926,0.9879283096761791,,,0.7097547760125239,0.2902452239874761,0.7527453710716084
11230600,답십리1동,0.003206700656421324,0.9967932993435786,0.013190725810257552,0.9868092741897424,,,0.5617032231653649,0.4382967768346351,0.8072997834559854
11230610,답십리2동,0.006428643496312395,0.9935713565036876,-0.005487490793809144,1.0054874907938092,,,0.7443631113106634,0.25563688868933665,0.7515652453289445
11230650,장안1동,-0.008494130230879696,1.0084941302308796,0.0026670259064191294,0.9973329740935809,,,0.5089627624184241,0.4910372375815759,0.8322881139686787
11230660,장안2동,-0.0001526720640195514,1.0001526720640195,0.004893261338116078,0.9951067386618839,,,0.5069351125995714,0.49306488740042864,0.8294414327087773
11230705,청량리동,0.0032234314787962215,0.9967765685212038,0.008554758604422216,0.9914452413955778,,,0.7540459532151765,0.24595404678482347,0.7447252855672016
11230710,회기동,0.03723857591479761,0.9627614240852024,0.019884066253160488,0.9801159337468395,,,0.8154256886037717,0.18457431139622826,0.7091505564094235
11230720,휘경1동,-0.0002063853442333879,1.0002063853442333,-0.0012193277229013539,1.0012193277229013,,,0.6271579342132169,0.37284206578678314,0.7914225929513058
11230730,휘경2동,0.011360975829549222,0.9886390241704508,0.019148233447833833,0.9808517665521662,,,0.0293837275395185,0.9706162724604815,0.9800356877276996
11230740,이문1동,0.03245987924957774,0.9675401207504223,0.037006790465981244,0.9629932095340188,,,0.6065562660235823,0.39344373397641774,0.7746590214202863
11230750,이문2동,0.002293531631902196,0.9977064683680978,0.02129359197250513,0.9787064080274949,,,0.2966563679248691,0.703343632075131,0.8932521694902412
11260520,면목2동,0.0006762793297757461,0.9993237206702242,0.007538653154147741,0.9924613468458523,,,0.6307784764321885,0.36922152356781146,0.7870021970279626
11260540,면목4동,-0.03402359002513638,1.0340235900251364,0.028029101384339304,0.9719708986156607,,,0.22160109693032431,0.7783989030696756,0.9281311305701575
11260550,면목5동,-0.030779036188977864,1.030779036188978,0.026805974834017005,0.973194025165983,,,0.37971941236330153,0.6202805876366985,0.8747512163305532
11260565,면목본동,0.0032422084612049483,0.9967577915387951,0.0008476451916882908,0.9991523548083117,,,0.7250980926815606,0.27490190731843944,0.7569373512218487
11260570,면목7동,0.01016284686035388,0.9898371531396462,-0.004860186601990536,1.0048601866019906,,,0.35055117035525163,0.6494488296447484,0.8813820564621283
11260575,면목3?8동,,,,,,,,,
11260580,상봉1동,-0.014160314522841808,1.0141603145228417,0.010602670144266546,0.9893973298557335,,,0.06485171253829379,0.9351482874617062,0.9795686439467605
11260590,상봉2동,0.0048936267537262575,0.9951063732462737,-0.0017898342653454536,1.0017898342653455,,,0.7858983661682705,0.21410163383172953,0.7369992804477828
11260600,중화1동,-0.042612932110183986,1.042612932110184,0.0019762320546542656,0.9980237679453458,,,0.1283813449155531,0.8716186550844469,0.9707517850466588
11260610,중화2동,0.01624650233793643,0.9837534976620635,-0.005107345119460331,1.0051073451194603,,,0.7608115257986597,0.23918847420134026,0.7426831056609547
11260620,묵1동,-0.0011059265542951167,1.0011059265542952,0.019171885753802454,0.9808281142461975,,,0.2638182569292419,0.7361817430707581,0.9060385946237502
11260630,묵2동,0.008440948289572162,0.9915590517104278,0.014438740261217674,0.9855612597387823,,,0.5189442959185985,0.4810557040814015,0.8193920051768706
11260655,망우본동,0.001547945489218561,0.9984520545107815,0.0028288384906956466,0.9971711615093044,,,0.6660381482265035,0.33396185177349647,0.7765283559311942
11260660,망우3동,-0.008651556422442428,1.0086515564224425,0.011218317285385089,0.9887816827146149,,,0.5945297950546936,0.4054702049453064,0.8009678146941211
11260680,신내1동,0.010851193184914298,0.9891488068150857,0.012433726794912425,0.9875662732050876,,,0.7076656360026792,0.2923343639973208,0.756349814672498
11260690,신내2동,-0.019541687570660098,1.01954168757066,0.013637315198956898,0.986362684801043,,,0.14644088860865262,0.8535591113913474,0.9531544945876834
11290525,성북동,0.010629533078034539,0.9893704669219655,0.00928602571064538,0.9907139742893546,,,0.5431184724465412,0.4568815275534588,0.8123219895882596
11290555,삼선동,0.012690421572156075,0.987309578427844,0.017427071187342758,0.9825729288126572,,,0.595250382048201,0.404749617951799,0.7915440417307668
11290575,동선동,0.01184525415802062,0.9881547458419794,0.012225691092363409,0.9877743089076366,,,0.8375324002626644,0.1624675997373356,0.7127988848289838
11290580,돈암1동,0.010359821234599206,0.9896401787654008,-0.0003501631029624131,1.0003501631029623,,,0.7813879738363607,0.21861202616363928,0.7362007893440007
11290590,돈암2동,-0.014075592623221311,1.0140755926232212,0.0404742339864479,0.9595257660135521,,,0.23707930156843868,0.7629206984315613,0.9121740190227783
11290600,안암동,0.03266626490251896,0.967333735097481,0.028396015079784682,0.9716039849202153,,,0.786355921172995,0.21364407882700498,0.717527266281567
11290610,보문동,0.0007742730751444532,0.9992257269248556,0.01697586340492815,0.9830241365950718,,,0.5470619610600578,0.4529380389399422,0.8117293008199565
11290620,정릉1동,-0.0034405387296311415,1.0034405387296312,-0.006208219711541772,1.0062082197115418,,,0.304894549734495,0.695105450265505,0.9015847362355593
11290630,정릉2동,-0.01570373964158584,1.0157037396415858,0.016905751850551452,0.9830942481494486,,,0.5081569654148146,0.4918430345851854,0.8302136741254067
11290640,정릉3동,-0.019474957845471902,1.0194749578454718,0.0357988040217605,0.9642011959782395,,,0.3885519333995447,0.6114480666004554,0.8650414068080555
11290650,정릉4동,0.009270971490022619,0.9907290285099773,0.00641252977558795,0.9935874702244121,,,0.3963753206332208,0.6036246793667792,0.8626470593670562
11290660,길음1동,0.0006722071629007472,0.9993277928370993,0.007006615159216496,0.9929933848407835,,,0.7128524335753782,0.2871475664246218,0.7598229147008349
11290685,길음2동,-0.00340007915865331,1.0034000791586533,0.007676038445118092,0.9923239615548819,,,0.3364077570070577,0.6635922429929423,0.8864387612354925
11290705,종암동,0.008535798630476849,0.9914642013695232,0.024741070717328596,0.9752589292826714,,,0.6103415313022695,0.38965846869773046,0.7854605331166417
11290715,월곡1동,0.01274923624172107,0.9872507637582789,0.011600738534048043,0.9883992614659519,,,0.37490017070136217,0.6250998292986378,0.8669166181742897
11290725,월곡2동,0.017169827840865806,0.9828301721591342,0.017919939914539162,0.9820800600854609,,,0.7592858905727521,0.2407141094272479,0.7352081138906144
11290760,장위1동,0.0027901217668920746,0.9972098782331079,0.015808169720916077,0.984191830279084,,,0.5489313620094406,0.4510686379905594,0.8108234488342504
11290770,장위2동,0.005795344412382515,0.9942046555876175,-0.0003231813674228299,1.000323181367423,,,0.6626224084240261,0.3373775915759739,0.7773018095103382
11290780,장위3동,-0.006934707476962449,1.0069347074769623,-0.08454341860628961,1.0845434186062897,,,0.18228196688040219,0.8177180331195978,0.9697320530676166
11290810,석관동,0.008143378599322335,0.9918566214006777,0.009662690846558873,0.9903373091534411,,,0.8119733901735026,0.18802660982649744,0.7234068467935387
11305534,삼양동,0.014965512770111569,0.9850344872298884,0.00960574431407577,0.9903942556859242,,,0.41419659876348547,0.5858034012365145,0.8537440480507756
11305535,미아동,0.0010651313430923598,0.9989348686569076,0.02430796002062476,0.9756920399793753,,,0.5810385762179373,0.4189614237820627,0.7978627774727819
11305545,송중동,-0.01155782605646648,1.0115578260564664,0.0150307032806038,0.9849692967193961,,,0.7158070093122901,0.28419299068770987,0.7602400378211908
11305555,송천동,0.004430209177430622,0.9955697908225694,0.016078467557850123,0.9839215324421499,,,0.5126985143923608,0.4873014856076392,0.8222642696241195
11305575,삼각산동,-0.006812104571586504,1.0068121045715865,-0.002850750952332844,1.0028507509523328,,,0.5397682358768238,0.46023176412317623,0.8232982065490319
11305595,번1동,0.004391815425881891,0.9956081845741181,0.0049526176497818215,0.9950473823502182,,,0.38997428376033916,0.6100257162396608,0.8668937610546656
11305603,번2동,-0.05814130212694714,1.0581413021269472,0.07721294585163997,0.92278705414836,,,0.3673447170476909,0.6326552829523091,0.8711945464092055
11305608,번3동,-0.028363039662526904,1.028363039662527,0.024859415954031714,0.9751405840459683,,,0.34991652311667176,0.6500834768833282,0.8845290335306079
11305615,수유1동,-0.02347470616319451,1.0234747061631946,0.01825711280200756,0.9817428871979924,,,0.5059310211653011,0.4940689788346989,0.8330955240652953
11305625,수유2동,-0.012188736019842198,1.0121887360198423,0.024061615503035816,0.9759383844969642,,,0.5274245554620755,0.47257544453792455,0.820234188351577
11305635,수유3동,0.005441096817438216,0.9945589031825618,0.01138188717550109,0.988618112824499,,,0.8492206852657798,0.15077931473422024,0.7113187769137603
11305645,우이동,-0.01865655552757126,1.0186565555275713,0.007770994442973966,0.992229005557026,,,0.9021292567951675,0.09787074320483247,0.7029187680964766
11305660,인수동,0.008962511724924778,0.9910374882750752,0.006018385624228546,0.9939816143757715,,,0.48646599502780996,0.51353400497219,0.8328510358743456
11320511,창1동,-0.005854385090812614,1.0058543850908126,0.014625757203736848,0.9853742427962632,,,0.25581239091082225,0.7441876090891777,0.9118054123254179
11320512,창2동,-0.00474960956495657,1.0047496095649566,0.005128348065139891,0.9948716519348602,,,0.3101294751348414,0.6898705248651587,0.8964972621216584
11320513,창3동,-0.003707625418435813,1.0037076254184358,0.0006993078752502584,0.9993006921247497,,,0.6039224475423333,0.39607755245766674,0.799695290000284
11320514,창4동,0.009303274290432045,0.9906967257095679,-0.01006806591371585,1.0100680659137158,,,0.7061882418484091,0.2938117581515909,0.7648588499249582
11320515,창5동,0.011912319545070046,0.98808768045493,0.0003327492965843718,0.9996672507034157,,,0.462047273620931,0.537952726379069,0.8419025525124716
11320521,도봉1동,0.0018205972955777049,0.9981794027044223,0.02722934689519918,0.9727706531048008,,,0.7694310509096981,0.2305689490903019,0.7338396682998417
11320522,도봉2동,-0.02496707723876788,1.0249670772387678,0.023889547647038236,0.9761104523529618,,,0.6457894092523373,0.3542105907476627,0.7850960401131308
11320660,쌍문1동,0.007605389066599938,0.9923946109334001,0.0022218678144765567,0.9977781321855235,,,0.25297173369190146,0.7470282663080985,0.912400336475674
11320670,쌍문2동,-0.007833806383963271,1.0078338063839634,-0.00921204383845314,1.009212043838453,,,0.5808641366390735,0.41913586336092645,0.8120605711944476
11320680,쌍문3동,-0.01296265473473879,1.0129626547347388,0.015988978913329715,0.9840110210866703,,,0.4688895088740908,0.5311104911259092,0.8426947223157728
11320681,쌍문4동,-0.002921289469567043,1.002921289469567,-0.003973746216854928,1.003973746216855,,,0.2853487229987468,0.7146512770012532,0.907182104229225
11320690,방학1동,0.008610938970233151,0.9913890610297669,-0.0019372924818261427,1.0019372924818262,,,0.6113478726772363,0.38865212732276366,0.7939928269447855
11320700,방학2동,1.8591002273943043e-05,0.999981408997726,-0.005055239667060739,1.0050552396670607,,,0.1042670466033879,0.8957329533966121,0.966923200687133
11320710,방학3동,-0.002844633180452723,1.0028446331804528,0.003210011771042904,0.9967899882289571,,,0.44853035422146886,0.5514696457785311,0.850368089062647
11350560,월계1동,0.010839503224437257,0.9891604967755627,0.01206755115072767,0.9879324488492723,,,0.8328684821911327,0.16713151780886726,0.7147414878112341
11350570,월계2동,0.01560123195630726,0.9843987680436928,0.06336145926198407,0.9366385407380159,,,0.14607363477746346,0.8539263652225365,0.9249878913347485
11350580,월계3동,-0.013933051764503502,1.0139330517645035,0.015332788986140343,0.9846672110138597,,,0.2849509341433587,0.7150490658566413,0.9045497762116682
11350595,공릉1동,0.0013018132495714126,0.9986981867504285,0.01448378413322418,0.9855162158667758,,,0.7397595680093286,0.2602404319906714,0.7481516115359587
11350600,공릉2동,0.013040771937317779,0.9869592280626822,0.018524071020225092,0.9814759289797749,,,0.5414293609755099,0.45857063902449013,0.8090019320223157
11350611,하계1동,-0.005005685499652722,1.0050056854996527,0.0009273245018612638,0.9990726754981387,,,0.8362404985546471,0.1637595014453529,0.7226126208143815
11350612,하계2동,-0.028202927010021642,1.0282029270100217,0.024569660238954762,0.9754303397610452,,,-0.22508224190496384,1.2250822419049638,1.07623850289201
11350619,중계본동,-0.0005631012263114835,1.0005631012263114,-0.005770942452172235,1.0057709424521721,,,0.8598306399439231,0.14016936005607694,0.7155011345781869
11350621,중계1동,0.0011434521560857475,0.9988565478439142,-0.008802907160925608,1.0088029071609257,,,0.9595429181381278,0.040457081861872246,0.6827055122889041
11350624,중계4동,-0.0074199354215223135,1.0074199354215223,0.0023593476456593605,0.9976406523543406,,,0.5644900931199822,0.4355099068800178,0.8135234982186269
11350625,중계2?3동,,,,,,,,,
11350630,상계1동,0.005359673892564695,0.9946403261074354,-0.002515678707117895,1.0025156787071179,,,0.7024258503078298,0.2975741496921702,0.7649100515022411
11350640,상계2동,-0.0014764274764659964,1.001476427476466,0.005026289418766436,0.9949737105812335,,,0.5534681082775593,0.4465318917224407,0.8143273432600467
11350665,상계3?4동,,,,,,,,,
11350670,상계5동,-0.004801998236471425,1.0048019982364713,0.012453015929963635,0.9875469840700364,,,0.4584131156487187,0.5415868843512812,0.8446452888859296
11350695,상계6?7동,,,,,,,,,
11350700,상계8동,0.00015637167834548887,0.9998436283216545,0.019215574689874924,0.9807844253101251,,,0.4714375399872572,0.5285624600127428,0.8363968378815075
11350710,상계9동,0.01655124038971661,0.9834487596102834,-0.004352378747246455,1.0043523787472464,,,0.20705497445274612,0.7929450255472539,0.9269153879682612
11350720,상계10동,0.004079681651029234,0.9959203183489708,-0.01653701165273651,1.0165370116527366,,,0.31346406190429454,0.6865359380957055,0.8996644226991375
11380510,녹번동,-0.013814455402206632,1.0138144554022066,0.010940388358763552,0.9890596116412365,,,0.45114896257568987,0.5488510374243101,0.8505750348225843
11380520,불광1동,0.0002503850002270186,0.999749614999773,0.007489701218476959,0.9925102987815231,,,0.5821185541025408,0.41788144589745924,0.8033804532262518
11380530,불광2동,-0.006679326670489073,1.006679326670489,0.007236776425038299,0.9927632235749617,,,0.5632805011268897,0.43671949887311035,0.8120540163728537
11380551,갈현1동,0.008597838412116804,0.9914021615878832,-0.005016196360581682,1.0050161963605817,,,0.761270212030313,0.23872978796968702,0.7450493819727173
11380552,갈현2동,-0.012900336347238802,1.0129003363472389,0.0034941833142555384,0.9965058166857444,,,0.5395477632943274,0.4604522367056726,0.8232861299128853
11380560,구산동,0.033045285425138717,0.9669547145748613,0.019607466819261173,0.9803925331807388,,,0.13700864184664532,0.8629913581533547,0.936779535302985
11380570,대조동,-0.0015027971355349023,1.0015027971355348,0.0023818379561294186,0.9976181620438705,,,0.5355218602657041,0.46447813973429586,0.8211996996379004
11380580,응암1동,-0.004840565460637541,1.0048405654606376,0.014534867820130823,0.9854651321798692,,,0.5599207427530727,0.4400792572469273,0.8101283182958113
11380590,응암2동,0.00658882791684093,0.9934111720831591,-0.004463140693665498,1.0044631406936655,,,0.003997977394963686,0.9960020226050363,0.9979587784606204
11380600,응암3동,-0.007335420643229664,1.0073354206432297,0.025057359204794145,0.9749426407952059,,,0.7505814145353163,0.24941858546468365,0.7438988823010398
11380625,역촌동,0.00450259270131041,0.9954974072986896,0.0018708773507644836,0.9981291226492355,,,0.6037782437834902,0.3962217562165098,0.796616095388145
11380631,신사1동,-0.017890816835155112,1.017890816835155,0.015901776661466933,0.984098223338533,,,0.4276614193018246,0.5723385806981753,0.8581092069572879
11380632,신사2동,-0.045168525861956355,1.0451685258619563,0.03007848211546204,0.969921517884538,,,0.08480958142186076,0.9151904185781392,0.9767601541082112
11380640,증산동,0.011055055446813903,0.988944944553186,0.014902309525719684,0.9850976904742803,,,0.267456518858935,0.7325434811410649,0.9021953720561772
11380650,수색동,-0.016655018391269004,1.016655018391269,0.008162311271002087,0.9918376887289979,,,0.6630381573775671,0.3369618426224329,0.7818181832475665
11380690,진관동,-0.013259204689347728,1.0132592046893478,0.031143335002795335,0.9688566649972047,,,0.6383911323961563,0.3616088676038437,0.7812415790967987
11410520,천연동,-0.002221656976132424,1.0022216569761324,0.018107539975388675,0.9818924600246113,,,0.6728558960932302,0.32714410390676985,0.7704194069691712
11410555,북아현동,0.010470532320620923,0.9895294676793791,0.011881648686698556,0.9881183513133014,,,0.8064055021602238,0.19359449783977623,0.7237474389441522
11410565,충현동,-0.0014944018433158646,1.0014944018433158,0.011421480760357455,0.9885785192396426,,,0.9008585021676363,0.0991414978323637,0.6964048063051074
11410585,신촌동,0.01035220539876735,0.9896477946012326,0.013047253867780375,0.9869527461322196,,,0.6473733720653636,0.3526266279346364,0.7764090562226963
11410615,연희동,0.006765969982383863,0.9932340300176161,0.0036506251614271956,0.9963493748385728,,,0.4580562006260082,0.5419437993739917,0.8438424014100603
11410620,홍제1동,-0.0016764011790598842,1.00167640117906,0.009035420561446638,0.9909645794385533,,,0.6340323979859509,0.3659676020140491,0.7862028608772208
11410640,홍제3동,0.00023401160494069046,0.9997659883950593,0.004712555982116553,0.9952874440178835,,,0.5120708356202242,0.48792916437977585,0.8276608655975729
11410655,홍제2동,0.030091652243950686,0.9699083477560493,-0.01235029787897818,1.0123502978789782,,,0.44968536524800207,0.5503146347519979,0.8441910934623418
11410660,홍은1동,0.011901229002731481,0.9880987709972685,-0.027261972626894216,1.0272619726268941,,,0.4708992962345277,0.5291007037654722,0.8481538157965449
11410685,홍은2동,0.011010907633944612,0.9889890923660554,0.009467690413484551,0.9905323095865155,,,0.8378782622925102,0.16212173770748983,0.7138810465533535
11410690,남가좌1동,0.05703411085482806,0.942965889145172,0.017475092626411007,0.982524907373589,,,0.5721074925784109,0.42789250742158913,0.78446110131345
11410700,남가좌2동,-0.007518282458419225,1.0075182824584192,0.01280920162171692,0.987190798378283,,,0.6275654053983895,0.37243459460161055,0.7890478918127709
11410710,북가좌1동,-0.020405250246477026,1.020405250246477,0.020024695775886996,0.979975304224113,,,0.7612636834806565,0.23873631651934346,0.7463722903299779
11410720,북가좌2동,0.02370107272533544,0.9762989272746646,-0.011422027428256175,1.0114220274282562,,,0.4723256604090286,0.5276743395909713,0.8384650980979641
11440555,아현동,0.003558952508305036,0.9964410474916949,-0.007659307030626392,1.0076593070306263,,,0.37546563130150823,0.6245343686984918,0.8762115744069376
11440565,공덕동,-0.001172177364913271,1.0011721773649134,-0.004272409855437598,1.0042724098554376,,,0.7942921554980146,0.20570784450198543,0.7370508105741123
11440585,도화동,0.004485190655868799,0.9955148093441312,0.007227143842647176,0.9927728561573528,,,0.7089949185170754,0.2910050814829246,0.7597642489948028
11440590,용강동,-0.018899458597730075,1.01889945859773,0.026053276289835267,0.9739467237101648,,,0.7263830956228986,0.2736169043771014,0.7554876955616653
11440600,대흥동,-0.011030174038992155,1.0110301740389922,0.023165169419687992,0.9768348305803121,,,0.2930282450490496,0.7069717549509504,0.8982789198567516
11440610,염리동,0.0017637842161745832,0.9982362157838254,0.027483366862456997,0.972516633137543,,,0.7609856810417566,0.23901431895824343,0.7365890559598706
11440630,신수동,0.023297029190991563,0.9767029708090085,-0.004037973336581091,1.0040379733365812,,,0.6286307756740184,0.37136922432598163,0.7840367228238572
11440655,서강동,0.01244983482909571,0.9875501651709043,0.022594504440084724,0.9774054955599153,,,0.6117382628440953,0.38826173715590473,0.7844057992955747
11440660,서교동,-0.013073123955154541,1.0130731239551545,-0.002082642270327372,1.0020826422703273,,,0.844011978800117,0.15598802119988298,0.7237145958084549
11440680,합정동,-0.020706636107305876,1.0207066361073058,-0.004115175838670322,1.0041151758386704,,,0.46543469937705273,0.5345653006229473,0.8531290375229745
11440690,망원1동,0.007180575288370563,0.9928194247116294,0.007337200881738587,0.9926627991182614,,,0.3600527759640767,0.6399472240359233,0.8751431492886047
11440700,망원2동,0.007214076513474838,0.9927859234865252,-0.006338707895809267,1.0063387078958093,,,0.21422771059849313,0.7857722894015069,0.9282989735946138
11440710,연남동,0.013520573854377025,0.986479426145623,0.0042969322666257985,0.9957030677333742,,,0.7217463062765189,0.2782536937234811,0.7534787292008261
11440720,성산1동,0.021880835636737962,0.9781191643632621,-0.020682587410835528,1.0206825874108356,,,0.3192029570332085,0.6807970429667916,0.8931995982469632
11440730,성산2동,0.0026492469707408302,0.9973507530292591,0.003512836814797639,0.9964871631852024,,,0.37167765060663427,0.6283223493933657,0.8740534218692758
11440740,상암동,-0.00633451896377821,1.0063345189637782,0.006081324868806056,0.9939186751311939,,,0.8554889177074368,0.14451108229256315,0.7149214254625117
11470510,목1동,0.0038101728677397404,0.9961898271322602,-0.012671460192881292,1.0126714601928812,,,0.3205307594555957,0.6794692405444043,0.8961101759565153
11470520,목2동,-0.0051117990746898274,1.0051117990746898,-0.004526621962548077,1.0045266219625482,,,0.5137834107909316,0.4862165892090684,0.831951670082102
11470530,목3동,-0.0011714961209075467,1.0011714961209075,-0.001498215368270241,1.0014982153682703,,,0.4686537966038192,0.5313462033961809,0.8446719716284529
11470540,목4동,-0.0016170610091236488,1.0016170610091237,-0.010554733162675013,1.010554733162675,,,0.5498545523392628,0.45014544766073716,0.8207724139441787
11470550,목5동,0.0062924636686874725,0.9937075363313125,-0.0032322344006324747,1.0032322344006326,,,0.9749558943303424,0.025044105669657646,0.673994625467201
11470560,신월1동,0.004990342977513701,0.9950096570224863,-0.008023255643204628,1.0080232556432047,,,0.6200988678541761,0.3799011321458239,0.794311348270505
11470570,신월2동,-0.014989056691579114,1.0149890566915791,0.0033376232188158652,0.9966623767811842,,,0.31675779111584446,0.6832422088841555,0.8982978807856395
11470580,신월3동,0.0215009673611085,0.9784990326388915,0.013984472675865963,0.986015527324134,,,0.3433017481980314,0.6566982518019686,0.8737376039216648
11470590,신월4동,-0.03203774962215106,1.0320377496221511,0.02039761481782477,0.9796023851821752,,,0.582777410688035,0.417222589311965,0.8096209080387636
11470600,신월5동,-0.012718103076548571,1.0127181030765486,0.009090718275392597,0.9909092817246073,,,0.680458384598132,0.319541615401868,0.7743896667343414
11470610,신월6동,0.00018027419642228102,0.9998197258035777,-0.005242494468955213,1.0052424944689553,,,0.3143475378339194,0.6856524621660807,0.8969048941462047
11470611,신월7동,-0.022830758749091913,1.022830758749092,0.02276187682874828,0.9772381231712517,,,0.3577352098677212,0.6422647901322788,0.8807778906842074
11470620,신정1동,0.00869598883058837,0.9913040111694116,-0.007250489868201573,1.0072504898682015,,,0.7314194931402814,0.26858050685971857,0.7557116692991106
11470630,신정2동,-0.0008175061675395733,1.0008175061675395,-0.0010931217804833757,1.0010931217804835,,,0.7335209401552757,0.2664790598447243,0.7561298959309157
11470640,신정3동,-0.018421464112013942,1.018421464112014,0.014349742951653983,0.985650257048346,,,0.41099797038052754,0.5890020296194725,0.8643579169266108
11470650,신정4동,0.014502659064686148,0.9854973409353138,0.016191448549812186,0.9838085514501879,,,0.7197826799215755,0.2802173200784245,0.7498410708213088
11470670,신정6동,0.017168867959685852,0.9828311320403141,-0.021740122585578506,1.0217401225855784,,,0.9756161571828452,0.024383842817154777,0.6763183658143491
11470680,신정7동,-0.008095492470774979,1.008095492470775,-0.002162185881366787,1.0021621858813667,,,0.8315572935297548,0.16844270647024517,0.7262334616074623
11500510,염창동,0.041344117250336924,0.9586558827496631,0.03313353685627797,0.966866463143722,,,0.3671367460931659,0.6328632539068342,0.8527951999334064
11500520,등촌1동,0.020696940678314468,0.9793030593216855,0.0023905863339896897,0.9976094136660103,,,0.4083313895682937,0.5916686104317064,0.856193694473134
11500530,등촌2동,-0.03197354725560584,1.0319735472556057,0.012636067098998517,0.9873639329010014,,,0.16543757469866907,0.834562425301331,0.9512999684859794
11500535,등촌3동,0.0036719689244904445,0.9963280310755096,-0.0019198716818522247,1.0019198716818523,,,0.28593311303541363,0.7140668869645863,0.9041049299073162
11500540,화곡1동,-0.0026788364713252245,1.0026788364713253,0.004821180209111945,0.9951788197908881,,,0.5133062273005377,0.48669377269946235,0.8281838096538919
11500550,화곡2동,0.020083138183697,0.979916861816303,-0.005422669507606964,1.005422669507607,,,0.13660037848442383,0.8633996215155761,0.9495797176131621
11500560,화곡3동,0.029884807319417225,0.9701151926805828,0.017656554876665922,0.982343445123334,,,0.5869682069973562,0.4130317930026438,0.7884968102688535
11500570,화곡4동,0.00027230739007666775,0.9997276926099233,-0.01339710371404652,1.0133971037140466,,,0.5496205932737849,0.4503794067262151,0.821168067683395
11500590,화곡본동,-0.0011116567936801246,1.0011116567936802,0.0014317877759912044,0.9985682122240088,,,0.656294240468751,0.34370575953124904,0.781128542849646
11500591,화곡6동,-0.005866635534028623,1.0058666355340287,0.0030230943956823988,0.9969769056043176,,,0.770725617256212,0.22927438274378797,0.7440393079607114
11500593,화곡8동,-0.0072645977848108615,1.007264597784811,-0.00027153785559693886,1.0002715378555969,,,0.37500079853371754,0.6249992014662824,0.8775117790355633
11500603,가양1동,0.003538858450082647,0.9964611415499174,-0.0034221970730891798,1.0034221970730892,,,0.622770287135041,0.377229712864959,0.7923710171626551
11500604,가양2동,-0.038990955401467055,1.0389909554014671,-0.023519688652252582,1.0235196886522526,,,0.4355434641273175,0.5644565358726825,0.8756557266421341
11500605,가양3동,-0.012178775112582904,1.0121787751125828,-0.04474214746165742,1.0447421474616574,,,0.07190509867512293,0.928094901324877,0.995005274633039
11500611,발산1동,0.004297693785264398,0.9957023062147357,-0.0025691619472948735,1.002569161947295,,,0.27918426068926566,0.7208157393107344,0.9063624024909217
11500615,우장산동,-0.0015888236702145968,1.0015888236702146,0.005173268681484273,0.9948267313185157,,,0.6573482753410455,0.34265172465895455,0.779689093215895
11500620,공항동,0.02393224746231501,0.976067752537685,0.008410452659598954,0.9915895473404011,,,0.7275820832387944,0.27241791676120564,0.7466917388797638
11500630,방화1동,0.03585273607774116,0.9641472639222588,-0.022683090480268606,1.0226830904802686,,,0.4256815013825001,0.5743184986174998,0.8537162843400091
11500640,방화2동,-0.009870393258036722,1.0098703932580366,0.008303434813410608,0.9916965651865894,,,0.21696685906246835,0.7830331409375316,0.928200033127386
11500641,방화3동,0.011577325896461323,0.9884226741035387,-0.002794614951037726,1.0027946149510378,,,0.14972908884358158,0.8502709111564184,0.947162733403665
11530510,신도림동,-0.03254259474003841,1.0325425947400384,0.00678849964839653,0.9932115003516034,,,0.3080590767989335,0.6919409232010665,0.9058983394309027
11530520,구로1동,-0.029512413220341274,1.0295124132203413,0.020341564339277706,0.9796584356607223,,,0.1340024866860849,0.8659975133139151,0.9583894540649928
11530530,구로2동,0.008597749180392187,0.9914022508196079,0.004065306409813151,0.9959346935901868,,,0.9888858444160951,0.011114155583904939,0.6661503666645666
11530540,구로3동,0.011550434046787727,0.9884495659532123,-0.005749513768164502,1.0057495137681645,,,0.7801828827725807,0.21981711722741926,0.7380053989829319
11530550,구로4동,0.009476401870188623,0.9905235981298114,-0.0030157510883751576,1.0030157510883753,,,0.5763393900207122,0.4236606099792878,0.8057333197324915
11530560,구로5동,0.006086086725984165,0.9939139132740158,0.0123355116081108,0.9876644883918893,,,0.35685913936351976,0.6431408606364802,0.8749064207674618
11530595,가리봉동,-0.006876775175637932,1.006876775175638,-0.00891301074121615,1.008913010741216,,,0.43151348432814923,0.5684865156718508,0.8614254338629017
11530720,고척1동,-0.005896858906746313,1.0058968589067463,0.011562851378257336,0.9884371486217427,,,0.6071538205058318,0.3928461794941682,0.7957267290075524
11530730,고척2동,0.008401563753501257,0.9915984362464988,-0.006367882556326243,1.0063678825563263,,,0.43989590357257974,0.5601040964274202,0.8526901384100817
11530740,개봉1동,0.00043923751552204344,0.999560762484478,0.012607902595163655,0.9873920974048364,,,0.3814575436510516,0.6185424563489483,0.8684984387460876
11530750,개봉2동,0.0035435568986426523,0.9964564431013574,-0.0013133268687998295,1.0013133268688,,,0.4725386442987481,0.527461355701252,0.8417437085571363
11530760,개봉3동,-0.024625378751173606,1.0246253787511737,-0.008827760845085329,1.0088277608450853,,,0.5053972732290354,0.4946027267709646,0.8426852887890744
11530770,오류1동,0.008173911338891515,0.9918260886611084,0.00224565991979191,0.9977543400802081,,,0.37982571379062563,0.6201742862093744,0.8699182383168971
11530780,오류2동,0.003392435391511564,0.9966075646084884,0.02365197741947923,0.9763480225805208,,,0.4940587508546999,0.5059412491453001,0.8262989454447697
11530790,수궁동,0.004211016639370309,0.9957889833606297,0.0035154637415734484,0.9964845362584266,,,0.5501891022658939,0.4498108977341061,0.8140281391177208
11530800,항동,0.09100323906982197,0.908996760930178,0.13093495181277534,0.8690650481872246,,,-0.5295481208701196,1.5295481208701196,1.102536643329174
11545510,가산동,-0.0018505975919333123,1.0018505975919334,0.005908764815147845,0.9940912351848522,,,0.8017612029306491,0.19823879706935088,0.7313935432820454
11545610,독산1동,-0.00677401269698976,1.0067740126969897,-0.01343481716616498,1.013434817166165,,,0.7854789004538907,0.21452109954610932,0.7449099764697547
11545620,독산2동,0.0037900626043012036,0.9962099373956987,-0.005378296770768752,1.0053782967707687,,,0.570667459463912,0.42933254053608805,0.8103069249008518
11545630,독산3동,-0.0010535653512255573,1.0010535653512256,-0.005355174347725492,1.0053551743477256,,,0.5915692472926342,0.40843075270736584,0.8049464974687724
11545640,독산4동,-0.005048709449670599,1.0050487094496705,0.003714839335613002,0.996285160664387,,,0.641120366411668,0.35887963358833197,0.7867378345674632
11545670,시흥1동,9.406462059331068e-05,0.9999059353794066,0.007144045323565854,0.9928559546764342,,,0.6293274531933807,0.3706725468066193,0.7878114789541534
11545680,시흥2동,0.01733517402040101,0.982664825979599,0.017414042177799842,0.9825859578222002,,,0.34305626040097226,0.6569437395990277,0.874064841133609
11545690,시흥3동,-0.002243505355464413,1.0022435053554644,0.00036827719823424887,0.9996317228017657,,,0.013125843685432237,0.9868741563145678,0.9962497948239326
11545700,시흥4동,-0.029038863786026554,1.0290388637860266,0.01640294495593792,0.983597055044062,,,0.1638551137937462,0.8361448862062538,0.9495936016787808
11545710,시흥5동,-0.004343963341616819,1.004343963341617,0.00978026645246766,0.9902197335475323,,,0.4084303657074066,0.5915696342925933,0.8620444437272475
11560515,영등포본동,0.006116358513044912,0.9938836414869551,0.002504531587176554,0.9974954684128234,,,0.2166401731877225,0.7833598268122774,0.9249129789040186
11560535,영등포동,0.0037264977712014326,0.9962735022287985,-0.01306012351630645,1.0130601235163064,,,0.4541306678128626,0.5458693321871374,0.8517343193107475
11560540,여의동,0.011811601006581345,0.9881883989934187,0.011669047847890846,0.9883309521521092,,,0.8628053760351694,0.13719462396483062,0.7045713250367861
11560550,당산1동,0.0012061132605069495,0.9987938867394931,-0.026517263114062307,1.0265172631140622,,,0.5027223293449624,0.4972776706550376,0.840862940169531
11560560,당산2동,0.010636563863788933,0.989363436136211,0.008500759519335198,0.9914992404806648,,,0.7665479705921893,0.23345202940781073,0.7381049020082289
11560585,도림동,-0.0025703889229543066,1.0025703889229542,0.008211017693384262,0.9917889823066157,,,0.2074256022008991,0.7925743977991009,0.928977923009557
11560605,문래동,0.00957221707567107,0.990427782924329,0.008875663626162466,0.9911243363738376,,,0.49396695162400595,0.506033048375994,0.829195055891387
11560610,양평1동,-0.010659308151597095,1.010659308151597,0.009606771351902061,0.990393228648098,,,0.53335954462705,0.46664045537294996,0.822564330724215
11560620,양평2동,0.0038931163010709406,0.9961068836989291,0.023955483495880524,0.9760445165041195,,,0.6269953673185285,0.37300463268147155,0.7817186776281734
11560630,신길1동,-0.007048123113847702,1.0070481231138477,0.002466852847135377,0.9975331471528647,,,0.5623555878610815,0.43764441213891847,0.8140752274685438
11560650,신길3동,0.0074794943739558,0.9925205056260442,0.008011611185324237,0.9919883888146758,,,0.43589307752027934,0.5641069224797206,0.8495386056401468
11560660,신길4동,-0.09273294719316877,1.0927329471931688,0.10262737466491735,0.8973726253350827,,,0.2219815075209958,0.7780184924790042,0.9227080216690853
11560670,신길5동,0.005867556657522452,0.9941324433424775,-0.03474835791152595,1.034748357911526,,,0.3025031703671232,0.6974968296328767,0.9087925436289601
11560680,신길6동,-0.010755731232622285,1.0107557312326223,-0.0027860100735561046,1.0027860100735562,,,0.5211035708519264,0.4788964291480736,0.8308127234847507
11560690,신길7동,-0.022441754671367223,1.0224417546713673,0.01629694280507291,0.9837030571949271,,,0.3824305471122111,0.6175694528877889,0.8745714215846944
11560700,대림1동,0.004294961062458514,0.9957050389375415,-0.001403416403285259,1.0014034164032852,,,0.39377135292130144,0.6062286470786986,0.8677790341398417
11560710,대림2동,0.005948845514909886,0.9940511544850901,-0.014529896496107943,1.014529896496108,,,0.6731502974410088,0.32684970255899115,0.7784769178467298
11560720,대림3동,0.00435606606280354,0.9956439339371964,-0.0015498902120215771,1.0015498902120217,,,0.32119357149287026,0.6788064285071298,0.8920000842187825
11590510,노량진1동,0.008830095468868556,0.9911699045311314,-4.649011127929734e-05,1.0000464901112793,,,0.6545220885366354,0.3454779114633646,0.7788981020352584
11590520,노량진2동,0.0024929362338342444,0.9975070637661657,0.010958216691650983,0.989041783308349,,,0.9842538602107395,0.015746139789260538,0.667431662287925
11590530,상도1동,0.0068939138812122765,0.9931060861187877,0.006765452263169704,0.9932345477368303,,,0.42739633847511715,0.5726036615248828,0.8529814317935003
11590540,상도2동,-5.6333233591385436e-05,1.0000563332335914,0.010032188561229652,0.9899678114387703,,,0.5931819547219185,0.4068180452780815,0.7989473966501478
11590550,상도3동,-0.0022206958198406,1.0022206958198405,0.013104387957532057,0.9868956120424679,,,0.2917663221276952,0.7082336778723048,0.8991166619115377
11590560,상도4동,0.00901992629704301,0.990980073702957,0.0211092788739855,0.9788907211260145,,,0.4784544449916264,0.5215455550083736,0.8304721166124484
11590605,흑석동,0.015442299034339517,0.9845577009656605,0.01416116492613961,0.9858388350738604,,,0.4679321008992487,0.5320678991007513,0.834154811713424
11590620,사당1동,0.0009539709876317338,0.9990460290123683,0.010838722855224492,0.9891612771447755,,,0.8633008229403909,0.1366991770596091,0.708302161072251
11590630,사당2동,0.02905603492821318,0.9709439650717868,-0.003176828887413733,1.0031768288874137,,,0.7066827550177776,0.29331724498222245,0.7558126796471409
11590640,사당3동,-0.01370341273046994,1.01370341273047,0.009132573726266522,0.9908674262737335,,,0.3625473177660551,0.6374526822339449,0.8806745070793829
11590650,사당4동,0.017614676209183916,0.9823853237908161,-0.004539948569367399,1.0045399485693673,,,0.19882282606189924,0.8011771739381007,0.9293674820994281
11590651,사당5동,0.007821465081572256,0.9921785349184278,-0.013016223476547262,1.0130162234765472,,,0.2761244550528041,0.7238755449471959,0.9096901011140569
11590660,대방동,-0.0018144650125963837,1.0018144650125964,-0.004380530043955721,1.0043805300439557,,,0.7975112373880405,0.20248876261195947,0.7362279192228373
11590670,신대방1동,-0.00016895446666162527,1.0001689544666617,0.006024142187428136,0.9939758578125719,,,0.20555577286028914,0.7944442271397109,0.9295296798063148
11590680,신대방2동,-0.007790240038545705,1.0077902400385457,-0.005106034275356666,1.0051060342753566,,,0.6653252362400645,0.33467476375993555,0.7825236793579459
11620525,보라매동,-0.0003849144304064646,1.0003849144304064,0.006873809823971966,0.993126190176028,,,0.12592726495253986,0.8740727350474602,0.9558612798846315
11620545,청림동,-0.01232710057353842,1.0123271005735384,0.01570871207501741,0.9842912879249825,,,0.47235339295528356,0.5276466070447164,0.8414216651810791
11620565,성현동,0.023803837149581206,0.9761961628504188,-0.012030694672546992,1.012030694672547,,,0.45504429076464314,0.5449557092353569,0.8443941889194408
11620575,행운동,0.008930555956241365,0.9910694440437586,0.002324795030080341,0.9976752049699197,,,0.5479682452816405,0.45203175471835955,0.813592134577346
11620585,낙성대동,0.009236501049436182,0.9907634989505638,0.01289746065160837,0.9871025393483916,,,0.8226658617254308,0.17733413827456923,0.7184000588578415
11620595,청룡동,-0.010693639668791857,1.0106936396687918,-0.00019946642117580683,1.0001994664211757,,,0.5129970045939543,0.48700299540604575,0.8326320338320045
11620605,은천동,-0.004568746301981581,1.0045687463019817,0.009872655544629783,0.9901273444553702,,,0.7541784652877614,0.24582153471223855,0.7468392084898635
11620615,중앙동,0.011124348646222235,0.9888756513537778,-0.001357270108585979,1.001357270108586,,,0.6726764736526493,0.32732352634735074,0.7725188159365715
11620625,인헌동,-0.011358654384588718,1.0113586543845887,0.01224877148369834,0.9877512285163017,,,0.33499746156432875,0.6650025384356713,0.8880374737788538
11620630,남현동,-0.0028860226647160407,1.002886022664716,0.005654279927816434,0.9943457200721836,,,0.7353702404121507,0.2646297595878493,0.7539538341082497
11620645,서원동,-0.007275161213720489,1.0072751612137205,0.0056610364151607005,0.9943389635848393,,,0.7482535669628914,0.25174643303710864,0.7511201859452229
11620655,신원동,-0.011829331829073482,1.0118293318290734,0.00408572829452911,0.9959142717054709,,,0.7162971468173169,0.28370285318268307,0.7638154855724091
11620665,서림동,-0.01929878960643775,1.0192987896064378,0.02606148747531087,0.9739385125246891,,,0.32254941988019714,0.6774505801198029,0.8902292940836433
11620685,신사동,-0.0010141992023032724,1.0010141992023032,0.002910516586668095,0.9970894834133319,,,0.37340918174657634,0.6265908182534237,0.874898166956353
11620695,신림동,-0.0005620335725165195,1.0005620335725165,0.008189721784619693,0.9918102782153803,,,0.6460899110214129,0.3539100889785871,0.782094133588828
11620715,난향동,-0.026449045082057934,1.026449045082058,-0.02815275700458167,1.0281527570045816,,,0.1251186729788483,0.8748813270211517,0.9764943763692638
11620725,조원동,0.026048484441828793,0.9739515155581712,0.017596073578979337,0.9824039264210207,,,0.3596563408494629,0.6403436591505371,0.8655663670432429
11620735,대학동,0.00996343925083931,0.9900365607491607,-0.0078811508221732,1.0078811508221732,,,0.5291046662649792,0.4708953337350208,0.822937681768785
11620745,삼성동,-0.014632982698895272,1.0146329826988953,0.005696359445419915,0.9943036405545801,,,0.3022544337761864,0.6977455662238137,0.9022273964924296
11620765,미성동,-0.017181819133488808,1.0171818191334887,0.013642005000041965,0.986357994999958,,,0.5511239573550388,0.44887604264496117,0.8174719522594693
11620775,난곡동,0.00918364421750324,0.9908163557824967,0.008959307691500005,0.9910406923085,,,0.37850757471916535,0.6214924252808347,0.8677831577906104
11650510,서초1동,0.012912898124964841,0.9870871018750351,0.018474005988711347,0.9815259940112887,,,0.5232033723543172,0.47679662764568276,0.8151365745106688
11650520,서초2동,0.001371708501225991,0.998628291498774,6.505242202901457e-05,0.999934947577971,,,0.5544394929356178,0.4455605070643822,0.8147079153803757
11650530,서초3동,0.014968337786050835,0.9850316622139491,0.014925147699745445,0.9850748523002546,,,0.858726468012068,0.14127353198793202,0.7037933488340452
11650531,서초4동,-0.0005081648660735244,1.0005081648660736,-0.0026054393288413237,1.0026054393288413,,,0.8600352405324608,0.13996475946753917,0.7143594545541513
11650540,잠원동,0.013039536574542512,0.9869604634254575,0.0021339786583920244,0.997866021341608,,,0.8485657875051955,0.1514342124948045,0.7120868990872901
11650550,반포본동,-0.013558864043645726,1.0135588640436457,0.012611343069813279,0.9873886569301867,,,0.8297255245174785,0.1702744754825215,0.7237406654854514
11650560,반포1동,-0.013285062460375075,1.013285062460375,0.002474610204577921,0.997525389795422,,,0.6159548786853982,0.3840451213146018,0.798285191190133
11650570,반포2동,-0.0028277193653034535,1.0028277193653035,-0.005662401320408441,1.0056624013204085,,,0.8215900891942757,0.17840991080572433,0.7289666771638122
11650580,반포3동,0.002675508290430815,0.9973244917095692,0.0023208612666221853,0.9976791387333778,,,0.9055278255244813,0.0944721744755187,0.6964919349728218
11650581,반포4동,-0.004983690606762467,1.0049836906067624,0.012960976063721957,0.9870390239362781,,,0.2251718270256439,0.7748281729743561,0.9222836291724655
11650590,방배본동,0.011909307422595725,0.9880906925774042,0.006725685896917225,0.9932743141030828,,,0.6905971655534546,0.30940283444654537,0.7635892803756775
11650600,방배1동,0.013701418778137376,0.9862985812218626,0.023012850916224722,0.9769871490837753,,,0.5162627876860821,0.48373721231391786,0.8156743142065186
11650610,방배2동,0.0007877977585749385,0.999212202241425,0.0015130217325444826,0.9984869782674555,,,0.854568539600423,0.145431460399577,0.7143768803028192
11650620,방배3동,-0.0005250250606079031,1.000525025060608,0.0055497157808140464,0.9944502842191859,,,0.12165953864901739,0.8783404613509826,0.9577719235435923
11650621,방배4동,0.007534111407246495,0.9924658885927535,0.004078418948120831,0.9959215810518792,,,0.5492880209069988,0.4507119790930012,0.8130331495792115
11650651,양재1동,0.010761731464062788,0.9892382685359372,0.014849964403323016,0.985150035596677,,,0.43087276759807763,0.5691272324019223,0.8478385121781788
11650652,양재2동,-0.002793302379561597,1.0027933023795617,0.0062913442897660835,0.9937086557102339,,,0.7015766784414548,0.29842332155854523,0.7649750932161137
11650660,내곡동,0.011963304632517074,0.988036695367483,0.026049723827120546,0.9739502761728794,,,0.6067356858297652,0.3932643141702348,0.7850837619035325
11680510,신사동,0.008093122049789573,0.9919068779502104,0.004437254080680357,0.9955627459193196,,,0.730777619644876,0.269222380355124,0.7522306680748847
11680521,논현1동,0.013834852139363498,0.9861651478606365,-0.005052879556172718,1.0050528795561726,,,0.7219782850058092,0.2780217149941908,0.7564132474703333
11680531,논현2동,0.007739635613553339,0.9922603643864467,0.013045748066490625,0.9869542519335094,,,0.7542762828462983,0.24572371715370167,0.7416461111578859
11680545,압구정동,0.00225481038734492,0.9977451896126551,0.004354713045620317,0.9956452869543797,,,0.9068251265617351,0.09317487343826492,0.6955217833350998
11680565,청담동,-0.009079151730690072,1.00907915173069,0.012418532358197324,0.9875814676418027,,,0.8196930003520384,0.1803069996479616,0.7256558730068181
11680580,삼성1동,0.0022575041502994058,0.9977424958497005,0.00756236602737831,0.9924376339726216,,,0.8174677257685588,0.18253227423144125,0.7242374680179212
11680590,삼성2동,0.00031973773123037487,0.9996802622687696,0.002572745897161815,0.9974272541028382,,,0.5072618176409288,0.4927381823590712,0.8299485662435596
11680600,대치1동,-0.00231410374089782,1.0023141037408978,-0.0019585696672511995,1.0019585696672513,,,0.9863694556384192,0.013630544361580843,0.6726344059232433
11680610,대치2동,0.007711621979856808,0.9922883780201432,-0.0068469034804824495,1.0068469034804826,,,0.7808040237387193,0.21919597626128073,0.7394437525873022
11680630,대치4동,-0.0012024786072399977,1.00120247860724,-0.0015205251738961594,1.0015205251738961,,,0.8310517834002773,0.1689482165997227,0.7238904067936195
11680640,역삼1동,0.005202630106026244,0.9947973698939737,-0.005682384096844033,1.005682384096844,,,0.7913956757266195,0.2086043242733805,0.7363613594213994
11680650,역삼2동,0.002552118934446997,0.997447881065553,-0.012025843584720634,1.0120258435847207,,,0.6410679575984984,0.35893204240150156,0.7894685890172585
11680655,도곡1동,-0.011556249540728859,1.0115562495407289,-0.003262094379343232,1.0032620943793433,,,0.5366418490792125,0.46335815092078747,0.8260588316136198
11680656,도곡2동,0.028622556724845878,0.9713774432751541,0.03172254915047783,0.9682774508495222,,,0.4510039553366235,0.5489960446633765,0.829550312929351
11680660,개포1동,0.013457270672822161,0.9865427293271778,0.14242474264690988,0.8575752573530901,,,-0.05484758283226205,1.054847582832262,0.9663218565041767
11680670,개포2동,0.025827432170542,0.974172567829458,0.015893573161318075,0.9841064268386819,,,0.667093347206021,0.332906652793979,0.7637285491540396
11680690,개포4동,0.005980868267559533,0.9940191317324405,-0.000722517604700546,1.0007225176047005,,,0.2718066107470113,0.7281933892529887,0.9076450128633766
11680700,세곡동,-0.016573218748317402,1.0165732187483174,0.011990589845364504,0.9880094101546355,,,0.26654800299208264,0.7334519970079174,0.9126782086369568
11680720,일원본동,0.0036063662775412293,0.9963936337224588,-0.007752709219401636,1.0077527092194016,,,-0.05869033391613325,1.0586903339161333,1.0209455589526646
11680730,일원1동,-0.011488847526030329,1.0114888475260304,0.001569042470444732,0.9984309575295552,,,0.7005086556787593,0.2994913443212407,0.7698037164589421
11680740,일원2동,0.002013203287004259,0.9979867967129957,0.007135906965408244,0.9928640930345918,,,-0.20420440196896567,1.2042044019689657,1.0650184305721844
11680750,수서동,-0.0006948482029345161,1.0006948482029345,-0.0032027106319888173,1.0032027106319887,,,0.652744544762444,0.34725545523755597,0.783717671357493
11710510,풍납1동,0.011885578739401987,0.988114421260598,0.010361634062125853,0.9896383659378741,,,0.38127493641946336,0.6187250635805366,0.8654926169263363
11710520,풍납2동,0.016604596915722438,0.9833954030842775,-0.007598842675444533,1.0075988426754445,,,0.5988136628012612,0.40118633719873875,0.7973935276528202
11710531,거여1동,0.02418419399234225,0.9758158060076577,0.012419073000573632,0.9875809269994263,,,0.6218241520058536,0.3781758479941464,0.7805241936670768
11710532,거여2동,-0.011260052701227962,1.0112600527012279,0.009667319741254387,0.9903326802587457,,,0.6354779833930424,0.3645220166069576,0.7887049165223105
11710540,마천1동,0.007890849868583249,0.9921091501314168,-0.002017494665353293,1.0020174946653533,,,0.1507320400368925,0.8492679599631074,0.9477982015866259
11710550,마천2동,-0.008065118111580966,1.008065118111581,0.007556290378113052,0.992443709621887,,,0.41616734119983345,0.5838326588001665,0.8614471621778782
11710561,방이1동,-0.001280916572351425,1.0012809165723515,0.0027126113465186816,0.9972873886534813,,,0.8826861007756422,0.11731389922435775,0.7052940681500636
11710562,방이2동,0.006409332094230064,0.9935906679057699,0.00876042411363898,0.991239575886361,,,0.8443420329101498,0.15565796708985025,0.7134960702939938
11710566,오륜동,0.12139473219469003,0.87860526780531,0.1529334405469118,0.8470665594530882,,,0.10830426545979012,0.8916957345402099,0.8724558539328694
11710570,오금동,-0.020101651204240314,1.0201016512042402,-0.00892199741630985,1.00892199741631,,,0.6644281050219218,0.33557189497807816,0.7881985145328761
11710580,송파1동,-0.0021995335860335286,1.0021995335860334,0.012241827419281493,0.9877581725807185,,,0.46261346599431735,0.5373865340056827,0.8424480800574782
11710590,송파2동,0.006478866940477255,0.9935211330595227,-0.0012144530994095137,1.0012144530994096,,,0.6364735069154914,0.3635264930845086,0.7860873597478136
11710600,석촌동,-0.004803538992981854,1.004803538992982,0.01891737011898858,0.9810826298810115,,,0.7770082681081212,0.22299173189187882,0.736292633588624
11710610,삼전동,-0.0029748709428909894,1.002974870942891,0.003633474473195523,0.9963665255268045,,,0.5183336221366323,0.48166637786336775,0.8270025914443545
11710620,가락본동,-0.00695347104739674,1.0069534710473966,4.248329118516329e-06,0.9999957516708815,,,0.6537540476225346,0.34624595237746536,0.7843983916985812
11710631,가락1동,0.010705649612380278,0.9892943503876197,0.0018073226271636098,0.9981926773728363,,,0.6446521202307364,0.35534787976926363,0.7809449691765732
11710632,가락2동,-0.024957084999062396,1.0249570849990624,0.005702228470477411,0.9942977715295226,,,0.5427207236379256,0.45727927636207444,0.8255113776302198
11710641,문정1동,-0.023032783426167516,1.0230327834261674,0.018632922024790177,0.9813670779752098,,,0.6446565843568091,0.35534341564319094,0.7865810923481894
11710642,문정2동,-0.016699001327543164,1.0166990013275432,0.012302248033028715,0.9876977519669713,,,0.36415072800716036,0.6358492719928397,0.8800820084291181
11710646,장지동,0.007006593375162328,0.9929934066248377,-0.0029738522177975967,1.0029738522177976,,,0.5463627531377238,0.45363724686227624,0.8165348352349705
11710647,위례동,0.004797884849337885,0.9952021151506621,0.011192387576375763,0.9888076124236242,,,0.11768690190729326,0.8823130980927067,0.9554409418889978
11710650,잠실본동,-0.006926762350424219,1.006926762350424,0.006894112113338982,0.993105887886661,,,0.7987252194260215,0.20127478057397852,0.7337691436036878
11710670,잠실2동,0.02326499638427561,0.9767350036157244,0.007672896702698925,0.9923271032973011,,,0.25664346424596607,0.7433565357540339,0.9041395475556865
11710680,잠실3동,-0.040022380851934304,1.0400223808519342,-0.021064523104688995,1.021064523104689,,,0.09018211518074944,0.9098178848192505,0.9903015962586247
11710690,잠실4동,0.0013019681016452223,0.9986980318983548,0.011802900871974347,0.9881970991280257,,,0.22162036515366185,0.7783796348463381,0.9217582552909063
11710710,잠실6동,0.0016929061533933454,0.9983070938466067,-0.004878068798608781,1.0048780687986087,,,0.8645099084097513,0.13549009159024872,0.7128917514118213
11710720,잠실7동,-0.0003067930858266353,1.0003067930858267,0.022442957175926093,0.9775570428240739,,,0.13160031403038372,0.8683996859696163,0.9487545072931723
11740515,강일동,0.016343010753578167,0.9836569892464219,-0.00876161804905671,1.0087616180490566,,,0.6841120193158928,0.3158879806841072,0.7694355293265286
11740520,상일동,0.04154590601109308,0.9584540939889069,0.010962143848815543,0.9890378561511844,,,0.6401077882206292,0.3598922117793708,0.7691280539731541
11740530,명일1동,-0.004404992792959815,1.00440499279296,-0.0019920236601212384,1.0019920236601212,,,0.38167755481860655,0.6183224451813935,0.8749064872114917
11740540,명일2동,0.0014154649375555694,0.9985845350624444,-0.0052008931393303336,1.0052008931393304,,,0.8672972287567731,0.13270277124322694,0.7121627331483339
11740550,고덕1동,-0.008539997265729238,1.0085399972657292,-0.013258037879177658,1.0132580378791776,,,0.4580263062205994,0.5419736937794006,0.8545905763081025
11740560,고덕2동,-0.003719002782936151,1.0037190027829361,0.024059849564545432,0.9759401504354546,,,0.4457210922008411,0.5542789077991589,0.8446460203391832
11740570,암사1동,0.011827151690976579,0.9881728483090234,0.004129125302214633,0.9958708746977853,,,0.6179886189776004,0.3820113810223996,0.7886850346764028
11740580,암사2동,0.007489822630978283,0.9925101773690217,-0.010461954034372655,1.0104619540343727,,,0.5025818123126808,0.49741818768731916,0.8334634396969046
11740590,암사3동,0.020839968993183595,0.9791600310068164,-0.012235965283573697,1.0122359652835737,,,0.2492594777245523,0.7507405222754477,0.9140455061886126
11740600,천호1동,0.0032437478913248563,0.9967562521086751,0.017727369153640975,0.9822726308463591,,,0.471229956467008,0.5287700435329921,0.8359329754960086
11740610,천호2동,0.0012270183475765921,0.9987729816524235,0.011691775853466643,0.9883082241465334,,,0.6709835257438466,0.32901647425615344,0.7720325600183701
11740620,천호3동,0.008014857163581277,0.9919851428364187,0.015494601535805442,0.9845053984641946,,,0.6338751396119994,0.36612486038800063,0.7808718005628713
11740640,성내1동,-0.019991151471260016,1.01999115147126,0.020253377843999967,0.9797466221560001,,,0.5388319833282825,0.4611680166717175,0.8203019300996592
11740650,성내2동,-0.009854929063820595,1.0098549290638206,0.005893860311610271,0.9941061396883897,,,0.41308352402073234,0.5869164759792677,0.863625848243826
11740660,성내3동,0.002398767352485601,0.9976012326475144,-0.0028723362492034474,1.0028723362492034,,,0.7569594324138266,0.24304056758617343,0.747838045494297
11740685,길동,0.009508795565801028,0.990491204434199,0.008099549675109764,0.9919004503248903,,,0.6735688069808751,0.32643119301912493,0.7696076159260715
11740700,둔촌2동,0.02268719025298415,0.9773128097470158,-0.01077798857971115,1.0107779885797112,,,0.6658396951398816,0.3341603048601184,0.7740837010622817
