행정기관코드,기준연월,시도명,시군구명,읍면동명,계,남자,여자,0세남자,1세남자,2세남자,3세남자,4세남자,5세남자,6세남자,7세남자,8세남자,9세남자,10세남자,11세남자,12세남자,13세남자,14세남자,15세남자,16세남자,17세남자,18세남자,19세남자,20세남자,21세남자,22세남자,23세남자,24세남자,25세남자,26세남자,27세남자,28세남자,29세남자,30세남자,31세남자,32세남자,33세남자,34세남자,35세남자,36세남자,37세남자,38세남자,39세남자,40세남자,41세남자,42세남자,43세남자,44세남자,45세남자,46세남자,47세남자,48세남자,49세남자,50세남자,51세남자,52세남자,53세남자,54세남자,55세남자,56세남자,57세남자,58세남자,59세남자,60세남자,61세남자,62세남자,63세남자,64세남자,65세남자,66세남자,67세남자,68세남자,69세남자,70세남자,71세남자,72세남자,73세남자,74세남자,75세남자,76세남자,77세남자,78세남자,79세남자,80세남자,81세남자,82세남자,83세남자,84세남자,85세남자,86세남자,87세남자,88세남자,89세남자,90세남자,91세남자,92세남자,93세남자,94세남자,95세남자,96세남자,97세남자,98세남자,99세남자,100세남자,101세남자,102세남자,103세남자,104세남자,105세남자,106세남자,107세남자,108세남자,109세남자,110세이상 남자,0세여자,1세여자,2세여자,3세여자,4세여자,5세여자,6세여자,7세여자,8세여자,9세여자,10세여자,11세여자,12세여자,13세여자,14세여자,15세여자,16세여자,17세여자,18세여자,19세여자,20세여자,21세여자,22세여자,23세여자,24세여자,25세여자,26세여자,27세여자,28세여자,29세여자,30세여자,31세여자,32세여자,33세여자,34세여자,35세여자,36세여자,37세여자,38세여자,39세여자,40세여자,41세여자,42세여자,43세여자,44세여자,45세여자,46세여자,47세여자,48세여자,49세여자,50세여자,51세여자,52세여자,53세여자,54세여자,55세여자,56세여자,57세여자,58세여자,59세여자,60세여자,61세여자,62세여자,63세여자,64세여자,65세여자,66세여자,67세여자,68세여자,69세여자,70세여자,71세여자,72세여자,73세여자,74세여자,75세여자,76세여자,77세여자,78세여자,79세여자,80세여자,81세여자,82세여자,83세여자,84세여자,85세여자,86세여자,87세여자,88세여자,89세여자,90세여자,91세여자,92세여자,93세여자,94세여자,95세여자,96세여자,97세여자,98세여자,99세여자,100세여자,101세여자,102세여자,103세여자,104세여자,105세여자,106세여자,107세여자,108세여자,109세여자,110세이상 여자
3011051500,2024-05-31,대전광역시,동구,중앙동,3730,2106,1624,2,1,5,4,1,3,1,2,3,5,3,4,3,5,2,4,7,6,4,4,3,6,12,6,6,18,9,15,23,12,18,21,24,19,13,14,15,17,16,16,16,22,26,24,22,24,26,24,25,39,35,40,24,36,48,50,48,56,61,48,57,77,67,67,66,50,49,58,49,53,46,39,38,33,37,27,31,35,21,9,24,21,23,15,17,12,12,8,3,2,3,3,1,2,0,2,1,2,0,0,0,0,0,0,0,0,0,0,0,0,0,1,0,7,3,2,6,6,4,7,4,5,4,4,5,2,7,9,5,4,4,6,5,2,2,11,7,19,15,9,19,17,11,10,13,8,15,8,11,11,9,10,15,11,8,11,12,9,17,11,14,15,20,24,15,21,15,30,20,30,26,23,40,36,44,49,38,43,39,36,44,43,37,44,29,39,46,28,23,25,24,34,38,38,19,22,17,21,13,20,8,7,5,7,3,5,0,1,3,1,0,1,0,0,0,0,0,0,0,0,0,0
3011053000,2024-05-31,대전광역시,동구,효동,22566,11017,11549,49,48,50,47,67,95,78,130,103,148,142,150,179,180,164,193,183,163,144,136,141,128,152,147,117,118,106,94,115,90,94,100,93,83,90,88,115,109,107,132,152,173,183,202,198,213,215,192,226,224,267,239,209,218,172,215,180,166,149,151,115,137,128,164,145,118,145,126,136,129,93,89,92,82,74,76,83,63,49,55,40,37,56,38,33,20,17,16,17,5,5,5,7,4,5,0,0,0,0,1,0,0,0,0,0,0,0,0,0,0,0,53,50,43,50,75,75,91,103,140,146,136,154,180,176,151,157,156,142,151,117,115,93,113,117,108,101,88,104,97,100,97,92,81,87,83,97,108,126,124,113,172,189,250,259,223,233,227,203,222,242,216,249,186,191,205,197,165,157,157,155,111,165,169,195,188,164,163,139,155,156,106,101,111,87,124,101,81,89,50,58,76,58,62,45,42,44,42,33,30,33,16,15,11,5,12,8,7,2,4,1,1,0,0,0,1,0,0,0,0,0,0
3011054500,2024-05-31,대전광역시,동구,신인동,15172,7399,7773,76,71,66,74,56,67,58,57,78,62,72,66,69,65,55,52,58,50,56,72,46,48,64,79,66,62,69,65,78,68,95,101,118,121,125,116,150,118,133,122,110,138,141,144,124,89,101,85,106,129,125,117,115,145,111,106,100,117,96,105,80,112,107,133,105,87,114,87,101,91,82,77,75,52,72,67,80,59,45,33,43,57,34,43,28,21,17,15,13,9,8,5,12,2,1,2,0,0,0,0,0,1,1,0,0,0,0,0,0,0,0,73,64,77,66,66,64,55,58,60,62,44,51,54,45,44,42,52,45,44,48,48,52,60,60,52,58,82,67,73,113,102,122,140,129,126,119,122,98,104,114,106,104,119,108,112,87,102,113,105,98,111,125,115,137,137,125,117,117,112,122,102,117,114,155,174,127,111,131,114,122,99,92,114,75,86,79,71,75,47,61,62,69,52,51,45,30,31,33,29,22,8,11,9,2,7,7,6,3,2,0,0,0,0,0,0,1,0,0,0,0,0
3011055100,2024-05-31,대전광역시,동구,판암1동,12054,5818,6236,30,35,41,31,33,28,36,33,39,34,41,38,50,40,28,47,54,50,45,45,56,51,53,57,72,63,77,59,79,80,65,68,68,75,66,72,75,61,75,73,75,87,84,84,86,67,72,64,77,84,102,74,96,115,98,119,99,109,106,107,84,108,110,123,123,139,107,99,77,88,64,86,64,62,62,57,42,48,40,40,38,35,40,26,27,13,17,18,14,15,4,7,1,3,6,1,1,0,0,0,0,1,0,0,0,0,0,0,0,0,0,36,34,34,23,36,19,27,26,33,31,28,40,36,44,41,48,48,30,37,48,40,46,48,60,69,53,67,66,61,73,71,89,58,67,62,59,59,55,50,61,75,62,81,62,72,81,75,72,90,77,109,103,106,108,104,146,105,107,96,114,94,115,140,132,134,123,109,96,119,105,71,76,99,67,82,76,61,84,44,49,63,73,77,50,47,52,48,40,28,37,24,19,14,13,4,3,5,1,0,1,2,0,1,0,0,0,0,0,0,0,0
3011055200,2024-05-31,대전광역시,동구,판암2동,7937,3827,4110,4,3,5,11,11,9,11,13,11,15,15,13,19,21,7,19,20,16,15,11,18,21,23,22,26,42,41,40,41,36,34,52,30,49,36,33,44,24,35,36,32,37,47,49,41,44,44,62,54,53,69,65,69,59,75,74,63,60,87,82,62,79,98,103,91,96,85,89,81,105,74,64,74,61,53,56,44,62,37,43,41,32,39,26,23,34,18,11,15,11,4,5,4,2,3,0,2,1,0,0,0,1,0,0,0,0,0,0,0,0,0,1,8,3,6,7,11,9,17,10,10,13,16,12,14,11,14,28,18,17,12,27,10,18,22,31,26,30,33,40,26,37,35,28,25,26,27,12,30,29,23,30,23,41,34,36,25,36,29,43,43,45,51,53,53,44,62,63,78,72,98,76,81,90,117,116,95,100,96,117,110,80,82,68,74,83,85,77,76,45,74,65,80,61,70,43,60,49,44,38,27,32,18,19,5,7,8,6,3,1,1,0,0,0,0,0,0,0,0,0,0,0
3011056000,2024-05-31,대전광역시,동구,용운동,21369,10797,10572,72,87,68,67,62,83,75,85,81,93,80,84,75,85,69,89,92,81,96,103,124,149,197,270,216,183,147,132,140,146,178,157,154,164,157,133,152,128,128,152,146,165,171,190,163,137,139,124,138,142,186,188,193,191,188,197,180,171,164,181,126,170,163,203,177,154,158,152,133,120,93,101,100,80,86,61,74,62,49,54,48,57,45,22,25,23,21,10,12,10,7,5,2,1,2,1,1,0,0,0,0,0,0,0,1,0,0,0,0,0,0,65,77,69,66,68,66,67,74,83,72,79,80,94,80,73,86,95,82,61,142,173,195,193,165,143,134,116,106,117,151,153,147,144,147,105,123,125,133,115,97,132,153,153,148,132,134,139,116,149,154,198,172,193,196,164,187,163,146,181,182,161,156,185,186,185,166,183,146,138,136,107,123,107,94,97,63,85,80,53,61,64,65,50,40,47,40,38,26,22,23,31,15,15,7,6,5,7,0,1,1,1,1,1,0,0,0,0,1,0,0,0
3011058500,2024-05-31,대전광역시,동구,대동,13916,7000,6916,40,42,50,37,45,55,48,72,73,70,78,93,84,84,73,74,75,89,66,54,88,73,76,100,90,83,80,65,74,72,79,65,91,92,84,77,64,80,91,77,124,117,126,130,102,106,114,109,98,109,139,110,121,117,111,119,112,119,120,113,80,119,114,120,97,98,98,70,83,103,84,78,72,38,40,45,51,52,37,34,44,40,45,20,24,22,17,11,10,7,6,6,5,3,1,1,2,0,0,1,3,0,0,0,0,0,0,0,0,0,0,40,53,35,50,33,50,50,58,47,75,83,64,75,69,59,78,75,63,72,55,69,66,64,65,82,60,72,63,66,65,54,73,84,63,85,64,76,78,84,96,99,114,112,115,103,129,82,102,120,112,114,115,137,116,102,116,108,119,90,108,87,120,99,129,126,112,107,107,96,88,63,70,74,59,67,62,51,57,33,51,58,53,47,43,47,34,32,28,14,13,23,11,9,8,3,4,1,1,1,1,0,0,0,0,0,0,0,0,0,0,1
3011059000,2024-05-31,대전광역시,동구,자양동,10881,5812,5069,13,6,8,6,15,10,9,13,23,21,24,22,30,14,20,31,21,31,84,115,124,171,271,313,258,157,141,137,110,83,83,75,73,64,55,50,46,46,54,45,60,59,66,70,69,61,63,53,60,79,82,74,90,101,77,77,85,75,83,84,72,90,82,92,110,74,83,84,70,66,39,53,62,46,39,39,46,46,28,25,40,37,32,23,20,17,15,11,7,15,4,3,1,0,0,1,0,0,0,0,0,0,0,0,0,0,0,0,0,0,0,12,9,11,12,18,14,16,19,15,17,18,12,11,27,17,24,29,28,86,240,251,236,218,122,106,99,62,60,80,53,62,45,39,44,28,31,36,29,31,32,37,33,47,53,47,42,38,40,44,52,58,63,59,59,67,87,60,74,66,82,57,87,86,97,84,76,75,77,73,84,71,58,60,53,65,55,45,49,38,33,47,46,35,35,15,24,31,23,16,11,14,11,8,9,5,4,2,1,0,0,1,0,0,0,0,0,0,0,0,0,1
3011062000,2024-05-31,대전광역시,동구,가양1동,12831,6720,6111,13,17,24,23,20,22,29,38,35,39,47,46,47,52,39,53,42,51,73,75,65,106,114,145,116,108,94,101,89,118,83,84,64,86,63,60,69,48,48,70,74,74,84,88,80,105,110,100,109,99,115,113,126,112,133,159,118,104,102,128,99,122,114,148,125,125,116,85,113,100,79,76,90,59,62,61,59,50,40,54,45,45,47,23,28,26,16,18,12,9,9,4,4,3,1,2,1,1,0,0,0,0,0,0,0,0,0,0,0,0,0,18,15,15,22,25,22,26,34,42,48,38,55,47,41,47,41,55,49,50,85,86,73,78,86,83,53,79,78,71,51,60,55,74,44,54,54,44,34,45,50,61,82,72,98,96,71,85,77,79,81,95,96,79,89,87,140,111,96,81,104,98,98,104,148,119,106,109,103,123,93,86,91,69,85,62,75,74,70,41,65,70,60,60,48,38,36,35,36,16,22,19,12,9,5,6,4,1,4,1,2,0,0,0,0,0,1,0,0,0,0,0
3011063000,2024-05-31,대전광역시,동구,가양2동,18799,9409,9390,32,41,36,39,32,39,34,47,59,65,41,60,61,87,81,95,91,94,98,115,105,106,181,216,162,161,142,160,138,154,146,142,153,120,116,107,89,93,99,102,102,114,119,132,113,126,131,123,142,158,156,156,173,175,170,178,190,148,155,174,133,189,170,161,154,134,131,157,127,111,104,91,113,76,69,64,69,70,51,51,50,45,42,27,33,28,15,19,15,12,5,10,3,4,1,0,1,0,0,0,0,0,0,0,0,0,0,0,0,0,0,44,27,35,29,19,33,37,46,34,47,56,60,74,71,73,73,91,65,105,146,196,158,156,153,139,133,139,145,135,125,130,118,109,75,80,78,64,72,87,80,105,96,109,102,131,129,135,123,132,120,159,165,144,163,163,185,167,164,165,166,127,172,163,169,203,173,144,139,140,154,98,112,105,100,80,85,93,79,45,73,59,79,74,63,57,45,42,36,26,25,16,15,5,11,6,5,8,2,0,0,1,0,0,1,0,0,0,0,0,0,0
3011064000,2024-05-31,대전광역시,동구,용전동,20171,10328,9843,33,31,40,31,29,46,43,49,46,68,65,52,44,76,63,64,74,64,70,110,119,114,164,198,189,202,206,256,230,236,237,239,202,166,169,144,143,129,123,134,146,143,157,162,141,169,146,143,157,170,180,176,214,173,179,195,149,168,135,168,131,173,158,175,164,128,146,112,104,105,92,82,81,66,81,69,62,60,45,44,49,43,42,35,19,13,16,24,11,11,4,4,4,1,1,2,0,1,0,0,1,0,0,0,0,0,0,0,0,0,0,30,30,39,29,42,45,44,43,56,48,48,53,64,57,59,48,69,76,79,125,152,155,192,228,209,234,199,226,197,184,179,174,153,134,122,92,105,73,100,90,108,100,128,148,134,123,121,143,160,128,159,153,160,159,156,161,169,157,160,142,106,146,155,172,168,137,133,134,134,114,106,89,108,83,79,82,53,81,57,67,57,65,70,51,41,39,45,23,18,23,15,7,10,9,3,2,4,2,0,0,4,0,0,0,0,0,0,0,0,0,0
3011066500,2024-05-31,대전광역시,동구,성남동,10902,5386,5516,29,25,33,34,24,47,42,35,44,46,40,36,37,40,32,32,46,31,35,50,44,41,73,53,62,63,66,63,57,69,67,61,62,65,70,71,58,60,57,50,88,71,80,77,83,71,78,71,81,78,91,117,76,114,94,104,83,97,92,95,90,112,100,128,101,71,87,94,95,71,70,66,60,51,56,44,43,41,32,40,38,42,30,20,20,21,15,14,14,8,7,3,1,3,1,4,0,1,1,0,0,0,0,0,0,0,0,0,0,0,0,27,30,20,38,27,40,28,36,29,27,30,35,38,38,35,31,55,48,32,53,60,44,43,51,52,67,45,57,46,49,60,53,60,51,57,51,50,52,61,64,71,60,79,79,78,77,71,54,77,78,77,87,98,107,84,87,92,81,86,98,86,111,110,135,128,101,87,88,93,90,81,83,74,73,58,74,57,51,45,53,58,56,49,38,43,38,37,19,21,12,18,8,11,10,11,2,4,3,3,1,0,1,1,2,0,0,0,0,0,1,0
3011067000,2024-05-31,대전광역시,동구,홍도동,11211,5726,5485,15,28,20,23,23,25,29,24,31,29,32,31,37,33,36,28,41,43,45,76,58,96,120,134,154,127,96,110,107,85,111,118,93,76,66,63,76,55,65,57,76,70,81,87,84,75,68,65,84,94,93,93,102,100,104,123,100,89,87,86,72,88,85,130,111,82,75,77,78,73,49,50,44,40,32,51,25,42,27,28,24,30,19,22,22,19,14,13,7,6,4,3,5,1,1,0,0,0,0,0,0,0,0,0,0,0,0,0,0,0,0,27,13,18,17,17,15,32,24,27,18,34,24,26,23,28,25,39,40,47,88,103,108,132,126,101,92,100,107,75,95,78,94,66,50,56,55,44,37,51,50,66,53,72,63,58,59,53,57,69,61,88,83,103,100,86,94,69,91,79,104,85,85,90,126,97,94,96,86,86,69,57,72,51,48,64,54,48,54,43,32,39,43,40,30,37,32,17,19,13,17,15,9,7,5,3,6,5,0,1,0,0,0,0,0,0,0,0,0,0,0,0
3011069500,2024-05-31,대전광역시,동구,삼성동,13023,6607,6416,22,26,26,21,22,18,29,32,39,40,41,52,37,47,58,48,71,56,64,49,73,62,67,83,62,61,71,71,74,73,70,60,78,66,63,58,60,57,64,52,52,80,88,97,83,93,106,98,105,118,112,121,120,139,127,155,128,108,110,127,107,134,120,151,129,136,133,112,105,111,99,84,80,67,78,82,69,65,51,38,51,56,52,28,32,39,27,16,17,18,3,9,5,4,3,0,2,2,0,1,0,1,0,0,0,0,0,0,0,0,0,12,10,16,20,29,19,29,30,35,54,47,42,41,70,35,38,57,65,49,52,58,38,46,61,59,63,47,61,58,55,75,45,53,53,49,61,40,58,62,48,58,66,80,92,91,77,77,77,91,80,103,104,120,118,113,130,98,94,101,116,89,130,122,155,142,133,130,111,120,126,89,97,101,86,95,100,84,81,56,69,53,75,71,59,63,47,45,30,39,18,17,15,14,8,5,5,4,1,0,2,1,0,2,0,0,0,0,0,0,0,0
3011072500,2024-05-31,대전광역시,동구,대청동,2218,1161,1057,1,2,1,0,0,3,1,3,1,5,3,6,4,3,2,2,10,3,6,5,12,9,8,12,11,8,5,6,11,12,5,12,9,9,11,10,5,4,9,6,7,6,11,9,11,9,13,16,11,12,17,17,22,20,29,28,21,23,20,40,30,29,32,37,34,27,31,24,33,39,20,28,23,14,18,13,21,11,9,9,13,19,11,13,8,11,5,3,3,2,3,1,2,4,1,2,0,1,0,0,0,0,0,0,0,0,0,0,0,0,0,1,0,2,2,1,1,3,1,6,4,5,5,5,7,3,4,3,10,10,8,3,8,4,8,5,8,5,10,1,12,3,5,5,3,2,3,6,5,4,3,3,6,9,3,9,7,8,7,8,10,15,13,12,13,19,18,19,19,18,26,16,17,32,29,32,22,29,28,26,34,21,22,26,12,18,16,16,15,14,12,14,25,14,15,16,16,14,24,13,9,9,6,5,4,3,2,1,1,2,0,0,0,1,0,0,0,0,0,0,0,0
3011074000,2024-05-31,대전광역시,동구,산내동,19464,9794,9670,26,38,38,41,42,76,87,88,111,107,117,124,121,139,147,147,177,137,132,111,106,100,93,92,102,108,80,91,87,91,67,89,78,65,76,74,70,89,109,97,142,143,164,150,157,156,155,169,162,190,231,208,198,176,197,177,167,157,137,150,124,152,152,173,173,133,131,139,131,141,99,109,93,70,87,84,77,70,60,59,52,66,51,42,37,35,25,16,15,14,12,1,6,2,2,2,1,0,1,0,0,0,1,0,0,0,0,0,0,0,0,39,32,37,37,51,55,69,67,120,78,108,137,101,127,120,118,143,113,114,96,106,80,76,79,91,74,86,77,68,60,61,69,79,85,80,62,84,76,97,82,123,147,187,174,172,179,177,180,176,168,183,198,159,170,152,169,133,148,126,145,110,136,136,200,179,153,136,135,144,160,125,103,90,95,110,98,89,94,65,67,60,66,83,43,70,61,42,46,42,31,29,18,15,10,9,6,2,4,0,1,2,2,0,0,1,2,0,0,0,0,0
3014053500,2024-05-31,대전광역시,중구,은행선화동,15709,8000,7709,30,37,52,49,51,44,55,49,50,63,46,50,56,42,51,46,51,51,47,50,53,82,74,85,104,114,127,141,147,165,164,169,167,149,127,120,102,100,132,115,124,116,151,148,129,134,131,120,127,144,155,137,166,145,132,150,127,112,144,99,109,125,126,123,120,113,121,90,86,80,81,69,79,40,63,54,52,54,33,35,33,39,39,21,24,16,17,16,7,11,7,7,5,2,1,1,0,1,0,0,1,0,0,1,0,0,0,0,0,0,0,39,43,51,52,41,54,61,52,54,64,57,64,54,70,52,50,51,55,49,60,65,71,95,123,132,134,148,150,157,164,152,144,158,134,120,108,103,97,121,92,112,100,122,128,103,104,91,96,97,89,125,125,107,116,116,104,123,96,90,89,98,103,85,126,110,108,101,105,89,87,75,79,64,68,72,62,66,56,43,50,51,38,48,23,37,37,31,21,20,13,15,16,9,6,9,3,2,2,3,0,0,1,0,2,0,1,0,0,0,0,0
3014055000,2024-05-31,대전광역시,중구,목동,17547,8374,9173,42,54,72,58,76,78,94,131,123,130,131,129,139,135,135,165,153,142,108,121,126,106,108,101,91,83,88,74,80,77,66,62,85,87,99,108,98,105,123,98,120,155,151,179,177,183,187,166,169,169,196,184,180,169,153,138,101,116,103,120,71,70,87,91,65,51,62,61,70,47,43,29,38,35,41,37,28,34,22,25,24,14,26,21,21,11,10,6,11,9,7,1,2,4,1,0,2,0,0,0,0,0,0,0,0,0,0,0,0,0,0,62,61,49,67,84,89,89,111,139,121,144,138,161,158,176,135,145,160,127,114,86,97,103,110,93,85,77,79,72,94,86,108,96,111,103,119,113,117,137,119,129,177,182,224,225,204,182,207,165,183,203,196,190,149,137,132,89,93,93,100,66,101,83,95,97,73,76,72,84,75,62,56,45,48,48,53,30,45,36,26,38,44,39,26,30,21,16,15,14,15,8,12,9,3,3,2,2,2,3,3,1,0,0,0,1,0,0,0,0,0,0
3014056000,2024-05-31,대전광역시,중구,중촌동,13608,6610,6998,53,41,47,38,36,56,46,48,51,40,38,53,43,57,56,64,60,55,57,52,62,67,76,73,72,71,72,85,68,89,91,83,94,85,87,92,113,91,89,92,92,85,106,90,87,104,91,99,105,127,107,120,120,115,130,117,117,127,103,94,96,108,110,123,101,114,91,93,81,82,77,68,70,51,74,51,47,54,43,43,31,39,38,21,33,22,20,11,4,3,5,9,6,4,4,1,1,1,0,1,0,0,0,0,0,0,0,0,0,0,0,44,43,33,47,49,51,44,40,44,39,33,51,48,57,50,46,53,59,50,49,53,54,65,70,61,67,58,82,94,83,79,83,94,80,82,91,84,67,92,73,73,94,106,105,99,76,123,96,99,99,118,109,118,134,115,138,114,124,113,110,88,128,103,133,109,113,124,117,88,121,101,90,82,81,85,87,63,70,60,51,48,65,57,48,44,41,41,33,30,21,21,12,10,9,6,6,3,2,1,0,1,0,0,0,0,0,0,0,0,0,0
3014057500,2024-05-31,대전광역시,중구,대흥동,13047,6434,6613,28,23,18,22,35,28,46,49,57,41,55,45,63,52,40,52,58,58,36,65,72,60,94,93,81,100,128,144,148,142,116,130,111,109,94,72,79,70,82,79,88,78,96,107,120,95,93,84,99,104,124,102,116,105,103,114,94,87,94,93,91,94,103,95,85,80,95,94,69,87,61,52,46,39,42,44,43,49,30,35,25,24,34,21,18,18,20,9,15,6,13,8,4,3,2,3,1,3,0,0,0,1,1,0,0,0,0,0,0,0,0,24,25,27,10,37,27,26,26,36,39,37,48,44,47,47,50,53,42,58,59,69,72,97,131,145,150,176,158,164,130,120,121,95,96,66,70,78,76,69,73,84,93,95,87,100,92,70,101,103,103,83,105,84,82,85,107,95,76,75,91,87,90,73,108,102,100,89,78,93,90,69,71,68,48,60,54,77,72,38,35,40,48,57,29,34,35,26,18,16,11,18,8,13,6,8,7,2,2,1,1,1,0,1,0,0,0,0,0,0,0,0
3014060500,2024-05-31,대전광역시,중구,문창동,4273,2206,2067,5,3,5,7,5,8,7,13,10,8,12,14,8,14,23,19,11,10,25,14,11,11,18,18,20,20,25,22,22,26,25,26,20,21,21,15,19,16,16,21,24,28,29,36,31,22,29,23,28,35,41,37,52,31,51,53,48,42,37,47,39,55,52,64,52,48,49,45,42,39,25,30,32,20,26,23,29,24,12,26,14,22,22,24,12,8,13,8,3,3,1,4,1,0,0,0,0,0,0,1,0,0,0,0,0,0,0,0,0,0,0,3,6,1,3,9,5,2,5,7,7,12,10,10,13,13,14,16,12,11,8,12,17,9,15,18,21,19,22,25,24,11,18,17,15,12,13,18,13,14,14,13,19,25,19,25,24,20,13,20,25,26,26,41,35,25,37,34,35,30,29,34,46,39,52,51,42,42,48,52,45,41,26,28,26,40,25,33,44,29,33,31,42,28,17,26,16,17,18,16,13,12,11,13,3,7,1,2,1,0,0,1,1,0,0,0,0,0,0,0,0,0
3014062000,2024-05-31,대전광역시,중구,석교동,14671,7392,7279,22,20,22,19,27,27,29,20,29,47,30,38,55,67,32,46,59,46,42,55,63,64,80,65,79,77,79,101,93,95,95,93,83,65,58,74,63,72,65,67,89,85,101,83,104,104,90,94,81,110,138,110,131,131,131,156,132,135,133,140,125,156,143,206,161,150,146,152,147,157,108,120,105,78,101,89,85,87,68,59,63,82,56,48,34,34,28,10,24,5,6,5,3,4,2,1,1,0,0,1,0,0,1,0,0,0,0,0,0,0,0,18,18,24,18,21,28,14,33,25,34,35,33,46,53,41,44,51,48,57,38,57,61,58,68,76,60,70,59,64,75,86,59,68,66,53,39,46,49,59,56,53,76,85,82,91,67,81,60,84,90,107,103,116,121,107,144,147,139,130,148,130,141,170,182,189,173,146,153,149,169,120,115,133,89,102,136,92,103,76,76,84,91,90,67,49,53,46,43,44,35,20,15,15,13,12,4,5,4,2,3,0,1,0,0,0,0,0,0,0,0,0
3014063000,2024-05-31,대전광역시,중구,대사동,5319,2601,2718,11,8,8,3,4,4,7,7,13,11,9,14,15,21,12,15,13,14,22,16,20,25,30,45,47,53,47,46,58,54,51,33,49,29,28,28,30,26,30,18,27,26,33,32,32,34,25,25,28,40,34,41,41,45,43,49,36,52,42,47,39,48,42,62,57,45,37,40,47,41,29,46,28,22,23,21,22,29,23,20,18,22,28,20,14,15,12,14,8,7,7,2,2,4,0,0,1,0,0,0,0,0,0,0,0,0,0,0,0,0,0,6,4,3,3,11,2,3,8,7,4,7,9,9,11,10,7,13,9,10,16,15,24,26,47,69,58,78,82,79,54,41,53,32,25,28,29,14,24,17,17,18,25,25,22,29,20,27,18,20,27,44,23,37,39,45,45,39,36,44,47,38,49,38,67,76,49,47,42,55,56,32,33,34,31,30,25,35,42,24,32,36,37,40,21,25,28,19,15,14,17,4,9,7,5,6,1,2,0,0,1,1,0,0,0,0,1,0,0,0,0,0
3014064000,2024-05-31,대전광역시,중구,부사동,6304,3175,3129,5,9,13,14,12,15,15,8,19,19,14,11,30,19,21,15,25,22,16,27,16,24,34,41,36,29,32,43,27,36,39,41,43,43,29,38,25,41,22,30,28,46,39,39,42,51,38,43,46,41,52,58,50,62,55,75,62,61,48,68,56,54,75,79,55,75,58,50,50,66,56,51,36,26,47,43,37,29,20,26,30,25,22,23,18,11,15,10,13,4,4,6,1,1,0,0,0,0,1,0,0,0,0,0,0,0,0,0,0,0,0,4,10,10,9,7,9,12,11,14,13,11,17,16,17,15,13,28,13,15,17,25,19,26,41,30,38,31,41,38,35,31,29,34,22,25,27,31,20,21,25,20,26,22,50,39,25,32,37,45,46,43,42,37,46,56,70,60,51,71,58,50,65,67,83,69,65,63,61,71,61,69,54,39,41,45,55,49,36,28,27,37,32,32,41,28,14,20,20,12,17,13,8,6,8,2,5,1,2,2,3,0,0,1,1,0,0,0,0,0,0,0
3014065500,2024-05-31,대전광역시,중구,용두동,8905,4335,4570,17,14,18,14,13,9,22,15,25,18,28,29,24,24,25,20,30,35,27,35,43,43,53,67,87,85,122,96,84,94,93,86,83,64,76,62,64,64,55,52,62,55,58,46,69,71,57,82,66,47,57,83,79,86,100,88,64,68,62,61,49,55,65,72,51,51,55,45,44,52,43,31,42,25,36,34,24,26,26,31,25,31,30,18,17,18,15,11,13,11,5,5,1,0,1,0,1,0,0,0,0,0,0,0,0,0,0,0,0,0,0,15,17,15,22,15,18,24,23,22,20,25,29,22,33,28,34,48,32,36,36,42,54,72,71,90,104,99,95,119,110,81,74,90,62,58,53,45,59,61,39,44,59,48,53,55,57,56,51,65,74,54,68,82,65,73,82,61,60,51,60,60,56,54,71,59,48,49,47,66,56,50,53,38,29,54,56,43,37,36,42,44,46,46,29,34,34,32,21,26,10,6,8,2,1,9,3,2,1,2,0,0,0,0,0,0,0,0,0,0,0,0
3014067000,2024-05-31,대전광역시,중구,오류동,10251,4761,5490,24,23,30,35,20,22,22,24,23,31,33,23,39,29,34,28,27,34,45,45,39,47,52,63,63,67,77,59,70,75,85,72,77,89,73,52,60,62,64,49,51,61,64,69,62,63,48,57,64,71,89,90,70,83,79,108,85,80,86,95,69,77,72,78,81,94,72,66,57,50,45,55,54,40,49,57,35,43,27,26,29,31,44,23,14,22,19,17,6,16,5,8,11,5,1,1,0,0,0,0,0,0,0,0,1,0,0,0,0,0,0,26,27,28,15,22,22,38,27,30,28,34,30,28,38,33,29,38,39,37,39,49,38,56,73,81,73,101,82,96,90,96,82,78,58,61,59,57,49,53,71,51,71,62,62,61,71,59,79,66,69,91,87,111,103,89,117,101,93,71,103,61,77,88,96,88,81,65,72,62,85,70,82,52,49,65,63,67,57,45,67,47,48,45,47,38,37,37,27,35,26,23,13,11,11,12,1,3,3,2,1,2,1,0,0,0,0,0,0,0,0,0
3014068000,2024-05-31,대전광역시,중구,태평1동,12671,6073,6598,23,28,22,39,35,44,48,54,57,69,61,73,74,79,65,54,77,79,58,66,79,62,73,79,91,72,64,65,51,62,50,69,52,63,69,56,53,46,73,60,92,96,100,113,105,89,86,111,112,100,144,99,124,118,126,118,113,115,90,105,85,86,88,92,93,79,80,63,68,72,58,62,56,47,57,46,53,38,30,40,41,41,24,23,20,18,10,12,16,6,9,2,3,3,0,0,0,0,1,0,1,0,0,0,0,0,0,0,0,0,0,27,33,40,26,40,37,36,54,62,63,57,58,74,74,63,70,82,83,73,59,63,74,60,75,72,62,67,61,56,58,64,58,71,58,69,65,53,54,80,71,79,102,106,114,119,116,113,94,124,99,132,154,133,120,131,116,101,92,108,105,96,97,96,101,101,95,80,66,85,94,65,64,69,70,72,81,59,58,34,43,48,46,55,44,38,39,29,24,18,17,21,6,5,4,10,3,1,1,1,1,0,0,1,0,0,0,0,0,0,0,0
3014069000,2024-05-31,대전광역시,중구,태평2동,24295,11568,12727,37,40,63,52,46,61,75,84,119,103,124,129,151,134,115,155,159,164,132,127,160,151,154,155,165,137,123,122,102,129,96,98,106,69,86,92,89,93,89,106,118,117,134,174,169,168,170,170,206,204,199,268,227,243,223,238,212,186,185,197,166,204,186,212,180,153,169,133,148,172,112,141,112,116,116,127,113,109,66,75,65,70,74,56,59,52,39,27,33,29,20,16,2,4,3,3,3,2,0,1,0,0,0,0,0,0,0,0,0,0,0,33,41,41,50,65,69,69,101,82,102,144,117,112,122,127,146,157,144,129,138,162,110,112,157,133,101,101,126,122,104,127,102,108,94,90,82,81,92,118,115,130,157,186,185,203,195,214,205,212,260,238,270,241,241,227,257,249,240,208,185,176,204,196,233,174,206,199,192,194,203,179,171,170,134,136,157,127,111,88,112,98,97,95,61,80,75,67,55,45,39,27,19,22,14,14,9,9,1,4,1,1,1,0,1,0,0,0,0,0,0,1
3014070000,2024-05-31,대전광역시,중구,유천1동,5846,3015,2831,9,18,9,11,15,14,14,12,11,10,7,14,11,14,8,13,16,20,18,18,18,26,24,36,27,25,45,43,48,57,52,53,54,38,45,35,45,27,35,40,37,45,48,38,57,45,41,49,38,42,48,56,59,65,52,52,59,63,44,53,48,60,56,65,54,49,72,48,63,50,38,40,32,28,38,31,27,28,19,21,15,23,14,9,9,11,7,8,6,6,5,2,2,1,3,0,0,0,0,0,0,1,0,0,0,0,0,0,0,0,0,7,16,10,10,8,10,14,10,10,12,4,13,14,15,9,13,16,15,14,10,14,17,19,24,23,42,28,43,44,50,33,49,35,38,30,19,25,27,28,32,35,26,40,37,43,34,28,33,30,27,50,40,39,42,45,47,62,56,45,47,44,66,60,80,53,66,55,63,62,55,43,43,37,38,35,40,27,31,17,30,20,28,33,18,19,18,20,18,12,10,5,7,6,3,6,2,2,1,1,0,0,0,1,0,0,0,0,0,0,0,0
3014071000,2024-05-31,대전광역시,중구,유천2동,13080,6452,6628,18,31,13,26,22,23,37,39,49,54,44,50,53,49,48,30,47,52,53,64,46,85,53,82,71,78,82,83,129,103,98,71,78,65,83,75,68,69,61,52,68,82,109,91,78,82,86,80,102,97,107,112,99,118,88,105,92,100,97,129,90,116,118,126,124,100,109,101,115,114,92,80,77,68,84,68,77,65,48,61,54,56,54,22,33,41,23,22,14,14,5,13,2,2,3,2,2,0,0,0,0,0,0,0,0,1,0,0,0,0,0,20,22,23,32,22,39,33,40,29,49,44,53,51,31,40,41,37,38,47,40,44,53,60,70,70,84,103,104,100,81,86,76,89,64,63,54,68,62,63,43,80,77,77,80,88,68,76,72,86,101,108,93,99,117,98,117,105,105,108,103,104,120,119,142,132,123,123,117,120,125,113,78,96,89,96,85,90,82,52,50,56,67,75,44,52,50,42,32,38,16,16,18,10,7,6,7,3,2,0,3,1,0,0,0,0,0,0,1,0,0,0
3014072000,2024-05-31,대전광역시,중구,문화1동,20659,9996,10663,34,53,50,55,52,60,92,88,116,119,112,134,133,117,134,155,162,112,122,119,145,150,159,157,129,112,109,133,118,107,102,97,88,90,89,79,87,85,96,86,101,138,143,165,170,152,166,149,160,171,170,206,194,204,219,191,159,131,156,141,129,141,142,150,129,132,126,113,105,110,89,82,90,64,79,98,78,87,44,54,57,63,48,41,40,44,26,29,24,16,14,10,4,5,3,2,1,0,2,0,1,0,0,1,0,0,0,0,0,0,0,35,34,40,48,56,65,71,81,98,97,105,123,119,109,111,120,137,149,126,111,99,133,132,131,139,127,136,133,119,99,105,81,111,96,101,69,96,105,111,122,143,124,189,181,194,176,175,178,187,192,200,228,209,209,203,176,151,141,138,169,132,154,152,164,153,132,130,129,130,141,110,119,101,94,104,97,97,98,71,73,75,72,76,73,62,50,53,35,34,21,20,18,11,9,8,5,7,4,3,2,0,0,0,1,0,0,0,0,0,0,0
3014073000,2024-05-31,대전광역시,중구,문화2동,11631,5621,6010,14,16,14,19,20,20,19,21,28,26,38,40,48,45,42,49,55,57,40,62,61,51,56,60,61,78,70,64,77,52,82,88,57,71,67,55,72,61,64,53,57,78,61,73,66,67,76,80,65,95,125,106,108,118,105,119,106,103,106,109,100,102,95,113,119,95,87,89,94,97,71,56,77,48,48,54,56,42,38,34,34,40,49,34,30,24,26,17,12,8,13,14,5,2,1,0,1,0,0,0,0,0,0,0,0,0,0,0,0,0,0,9,12,11,19,8,20,19,29,29,35,37,37,45,43,27,43,37,34,46,43,35,51,44,52,54,51,56,71,55,61,68,61,51,44,46,44,45,48,50,52,47,54,64,75,71,75,72,75,75,92,115,101,91,115,115,129,110,106,118,127,87,146,108,156,120,114,133,119,100,121,84,81,88,71,68,79,62,82,61,59,65,76,83,51,49,52,42,41,30,29,20,27,13,16,10,6,5,2,1,0,1,2,0,0,0,0,0,0,0,1,0
3014074000,2024-05-31,대전광역시,중구,산성동,25646,13012,12634,30,31,39,49,39,47,58,55,76,69,85,102,95,87,105,107,122,117,111,112,129,142,134,138,136,152,147,157,153,183,179,141,135,139,108,107,113,89,113,121,114,149,169,172,203,168,173,164,192,192,238,225,245,254,267,261,255,264,245,267,218,277,305,291,294,254,247,254,187,257,178,174,157,134,165,164,132,133,88,100,78,90,65,51,46,57,39,25,26,20,14,8,5,2,3,0,1,2,0,1,1,0,0,0,0,0,0,0,0,0,0,35,42,39,33,42,51,41,67,60,81,80,89,91,102,105,63,101,98,114,95,94,102,109,132,97,130,111,113,108,129,130,100,89,123,92,78,85,100,97,98,108,147,148,160,159,183,165,149,157,180,203,203,216,214,250,308,256,264,270,258,213,252,261,338,277,290,260,234,271,257,193,171,193,165,166,168,153,138,109,93,95,118,111,79,76,71,67,53,52,37,38,27,17,12,12,5,9,0,4,1,1,0,1,0,0,1,1,0,0,0,0
3017051000,2024-05-31,대전광역시,서구,복수동,21653,10707,10946,46,60,75,60,57,68,74,103,108,118,120,130,146,155,133,153,149,158,132,139,155,148,173,156,140,140,121,123,128,129,92,123,122,115,101,111,95,106,109,116,149,160,166,173,168,172,166,198,192,225,230,222,215,229,200,201,199,168,151,160,116,135,136,150,140,118,129,120,118,123,105,81,88,76,66,69,66,57,52,53,31,41,42,45,30,22,19,16,4,9,6,5,1,1,1,1,1,1,0,0,0,2,0,0,0,0,0,0,0,0,0,45,59,69,52,65,93,74,90,111,114,139,120,131,140,165,145,148,153,121,142,153,136,133,142,114,130,105,128,100,100,102,110,110,115,103,102,95,112,106,108,130,174,192,208,212,200,231,208,210,205,237,235,213,209,188,214,152,144,157,162,113,146,163,185,150,145,142,88,128,147,110,90,103,83,75,77,63,72,50,36,49,45,45,36,36,35,35,30,23,23,12,15,7,5,9,3,3,4,2,0,1,0,0,0,0,0,1,0,0,0,0
3017052000,2024-05-31,대전광역시,서구,도마1동,18866,9511,9355,61,58,63,55,78,62,74,53,61,49,49,55,62,75,55,55,81,54,65,91,117,128,202,200,186,148,134,143,143,143,141,160,143,136,128,144,135,124,135,135,111,152,126,146,121,106,118,116,114,137,128,133,138,157,153,160,156,125,129,146,137,156,151,179,158,139,161,127,132,122,110,107,105,76,87,82,85,75,49,48,56,69,60,25,35,29,21,22,14,7,8,9,3,5,2,3,2,1,0,1,0,0,0,0,0,0,0,0,0,0,0,74,66,64,39,75,50,65,52,56,51,56,48,49,47,52,65,58,55,67,112,123,146,136,142,143,94,94,108,131,117,116,132,133,134,107,137,103,97,109,105,110,104,119,107,115,98,93,104,106,105,148,141,140,155,142,156,148,155,155,157,133,141,158,190,187,183,161,164,141,164,131,124,116,90,110,120,78,78,75,59,65,84,65,50,43,53,31,48,26,25,25,23,13,9,9,4,4,3,3,2,1,0,0,0,0,0,0,0,0,0,0
3017053000,2024-05-31,대전광역시,서구,도마2동,16429,8221,8208,25,24,26,24,35,24,45,38,45,67,44,48,50,67,48,65,71,67,90,68,78,102,113,138,113,132,131,136,105,126,122,122,98,103,102,100,81,74,78,79,74,83,107,105,119,93,108,113,110,137,141,125,129,150,163,137,142,122,145,134,107,161,153,157,164,152,131,139,131,157,101,94,117,92,94,86,91,67,52,64,58,62,47,32,38,29,22,25,15,12,16,7,2,1,3,0,0,0,0,0,0,1,0,0,0,0,0,0,0,0,0,22,29,25,14,32,21,34,41,29,37,37,49,50,47,76,55,58,62,67,89,95,93,95,99,85,79,99,97,114,100,98,97,86,74,70,82,66,71,63,61,63,93,82,109,92,89,83,97,87,115,131,119,143,135,140,198,149,138,135,144,134,136,154,212,196,181,174,154,164,154,130,125,109,107,134,92,97,96,61,66,72,70,64,60,51,51,36,27,37,24,19,18,16,17,8,5,5,3,2,2,1,2,0,1,0,0,1,0,0,0,0
3017053500,2024-05-31,대전광역시,서구,정림동,15207,7368,7839,30,23,25,31,26,37,54,49,58,55,67,82,77,79,62,54,80,77,55,70,72,86,68,91,76,69,104,91,93,93,90,73,100,64,80,74,59,86,62,74,92,96,90,95,103,105,89,99,108,100,115,127,107,143,129,148,124,114,127,149,121,156,141,185,168,168,146,149,118,124,84,82,76,75,75,61,62,61,44,37,31,43,43,21,22,27,22,24,9,7,13,6,5,2,1,2,1,0,0,0,0,0,0,0,0,0,0,0,0,0,0,15,34,21,32,32,32,39,38,55,42,51,64,60,70,60,56,54,69,47,58,71,54,72,79,78,69,69,80,80,75,63,62,67,85,63,59,81,73,82,83,65,91,105,97,80,102,99,98,117,111,126,122,141,140,135,196,148,147,163,172,139,181,210,214,189,169,133,151,139,153,99,96,92,82,70,74,84,93,58,63,54,58,60,51,41,38,36,36,36,28,16,19,12,9,10,7,6,2,1,1,0,0,0,0,0,0,0,0,0,0,0
3017054000,2024-05-31,대전광역시,서구,변동,13196,6659,6537,22,33,23,24,24,32,35,46,44,54,54,50,53,47,36,57,52,56,48,46,52,57,54,73,66,92,93,93,99,104,98,96,87,78,92,78,99,70,78,94,63,74,117,93,105,94,100,97,86,105,104,118,100,122,124,145,117,130,111,109,96,154,138,138,120,95,106,119,75,103,70,90,91,70,67,59,55,53,38,38,42,42,33,36,27,18,18,14,11,12,7,7,6,2,1,2,1,2,0,0,0,0,0,0,0,0,0,0,0,0,0,24,23,19,26,27,34,27,33,44,47,39,38,35,47,47,32,54,50,55,43,68,58,60,61,67,72,68,80,77,79,93,89,75,79,57,63,65,54,65,63,76,79,64,94,91,86,96,70,97,87,117,111,76,108,116,136,123,116,105,122,107,122,141,149,151,125,127,136,112,117,85,77,77,83,74,72,68,73,54,54,44,61,57,45,32,32,23,30,25,18,8,8,11,8,8,2,5,4,1,2,1,1,0,0,0,0,0,0,0,0,0
3017055000,2024-05-31,대전광역시,서구,용문동,11822,5621,6201,18,16,18,22,16,20,26,15,31,24,21,34,19,35,36,21,21,27,25,25,40,43,57,68,112,97,129,149,159,152,171,163,128,121,96,90,105,82,97,72,81,94,102,89,77,57,79,98,67,82,97,74,94,73,76,90,79,88,79,70,63,92,71,82,78,72,67,73,69,81,46,54,57,43,41,40,50,36,24,26,28,35,26,24,23,11,14,8,10,8,9,4,2,1,3,1,2,0,0,0,0,0,0,0,0,0,0,0,0,0,0,21,29,23,28,15,28,22,38,20,26,20,21,19,22,30,18,43,17,19,31,50,53,92,96,104,151,153,179,176,166,154,137,125,106,81,93,72,68,74,73,75,85,85,79,70,75,67,67,77,85,85,103,73,74,82,118,91,97,84,103,62,84,85,107,98,98,90,82,86,90,78,75,71,57,55,55,53,55,41,45,44,41,46,37,24,42,26,20,20,11,18,8,5,7,4,4,4,2,2,0,0,0,0,0,0,0,1,0,0,0,0
3017055500,2024-05-31,대전광역시,서구,탄방동,26602,12752,13850,54,62,62,65,56,81,79,80,107,78,82,94,122,105,101,100,147,143,118,109,127,132,156,160,203,225,256,307,358,344,332,306,270,237,259,255,189,189,165,197,169,228,209,187,169,213,197,202,180,185,225,224,217,223,231,233,188,169,152,175,140,172,178,179,163,153,130,119,103,111,93,89,75,56,51,47,44,48,48,39,31,32,30,19,21,24,13,12,11,10,9,7,4,1,1,1,0,0,0,0,0,0,0,0,0,0,0,0,0,0,0,52,56,49,48,50,58,58,84,83,97,81,110,88,116,125,95,108,103,105,105,130,138,175,273,274,357,368,405,362,299,318,300,286,254,190,191,207,190,181,188,177,217,232,232,202,211,224,195,203,225,256,241,230,233,219,231,193,190,163,213,177,190,185,216,177,149,126,148,135,132,91,91,80,67,77,55,68,88,33,48,71,49,48,33,53,39,36,26,21,19,14,17,18,6,6,4,6,2,1,2,0,1,0,1,0,0,0,0,0,0,0
3017056000,2024-05-31,대전광역시,서구,괴정동,18653,9113,9540,36,29,30,38,39,31,53,49,55,56,56,56,57,64,60,44,83,55,52,81,68,80,87,103,151,208,226,305,285,304,306,286,276,236,191,190,145,141,166,133,157,125,142,139,168,136,131,158,97,124,136,139,123,115,140,157,112,92,85,113,87,104,98,130,102,96,85,69,71,78,61,60,80,45,45,58,47,38,31,26,29,37,25,19,18,15,10,15,11,10,4,5,0,3,0,0,0,0,1,0,0,0,0,0,0,0,0,0,0,0,0,30,33,34,43,37,47,38,37,52,56,58,58,64,68,50,56,66,46,61,79,76,109,127,224,261,320,336,322,321,307,276,254,199,178,156,146,136,116,100,106,128,117,133,125,121,123,104,129,109,126,164,133,128,151,125,139,128,110,114,112,102,113,114,126,123,105,96,111,91,90,63,62,69,62,41,73,64,54,36,42,30,45,38,28,26,27,19,16,16,12,7,5,9,5,6,4,2,4,0,0,0,0,0,1,1,0,0,0,0,0,0
3017057000,2024-05-31,대전광역시,서구,가장동,10873,5240,5633,27,21,19,24,14,25,34,37,46,57,48,54,38,33,49,45,44,44,53,59,54,53,61,72,69,61,63,59,89,75,74,90,61,76,50,53,64,60,65,67,75,92,76,80,107,76,86,58,70,82,104,84,86,95,91,95,83,82,89,90,72,76,76,88,81,79,63,70,79,64,52,69,54,49,48,46,51,47,32,25,32,33,44,19,15,13,21,13,11,11,7,6,2,2,0,2,0,0,0,0,0,0,0,0,0,0,0,0,0,0,0,18,15,18,28,22,22,22,35,37,52,35,49,52,51,46,40,58,41,55,47,51,37,63,70,71,74,88,81,89,91,67,58,64,57,53,41,54,50,59,58,54,77,91,85,73,81,74,79,73,71,102,114,92,121,103,114,105,94,73,95,79,93,76,113,106,86,95,97,78,90,87,72,73,51,68,68,55,46,32,40,45,43,44,20,30,21,22,26,17,20,11,9,10,4,2,8,4,1,0,0,0,1,0,0,0,0,0,0,0,0,0
3017057500,2024-05-31,대전광역시,서구,내동,22679,10905,11774,47,58,56,51,58,64,79,82,108,88,114,97,126,134,108,103,134,114,120,116,120,120,125,137,150,133,134,161,176,169,165,154,130,120,102,106,120,118,129,119,116,145,167,194,170,165,170,162,178,180,201,198,206,232,190,199,163,177,135,176,153,187,181,161,179,144,156,143,140,147,114,98,99,88,107,70,104,75,46,60,53,61,64,37,32,35,26,15,17,12,13,5,7,0,3,2,1,0,1,0,0,0,0,0,0,0,0,0,0,0,0,41,38,41,52,61,63,79,72,116,88,96,122,118,136,120,128,134,128,117,110,128,118,127,119,160,146,167,154,125,142,129,124,117,113,116,89,109,131,123,120,136,158,189,183,191,170,181,192,193,211,206,236,205,244,222,227,179,168,178,182,172,206,196,204,205,194,198,171,141,180,137,131,136,111,98,95,105,83,66,82,74,69,76,57,38,48,33,36,36,27,30,15,15,20,7,4,0,4,2,3,1,0,0,0,0,0,0,0,0,0,0
3017058100,2024-05-31,대전광역시,서구,갈마1동,21077,10673,10404,46,37,34,37,35,36,41,40,55,65,74,64,64,81,55,83,75,81,83,82,104,79,143,155,210,236,283,297,337,269,274,249,247,216,179,185,158,165,148,153,143,178,162,147,163,121,115,132,148,128,159,162,181,165,170,182,156,132,129,155,141,149,154,189,166,142,149,144,129,143,85,73,76,60,84,71,56,50,38,40,40,29,43,36,21,18,14,12,9,4,12,6,2,2,0,1,0,0,0,0,0,1,0,0,0,0,0,0,0,0,1,41,48,22,37,29,37,41,43,59,47,64,61,52,73,58,58,70,64,89,96,97,121,161,210,223,234,283,233,253,237,204,191,157,149,146,118,114,104,113,120,119,135,142,151,146,127,138,134,159,140,162,147,147,201,151,175,177,159,137,170,154,176,161,213,195,162,176,159,156,151,97,99,105,69,57,73,71,61,37,46,36,47,45,35,38,40,28,28,22,20,15,14,8,9,8,7,4,4,3,1,0,0,0,0,0,0,0,0,0,0,0
3017058200,2024-05-31,대전광역시,서구,갈마2동,24037,12108,11929,48,61,48,33,51,39,52,65,57,72,70,87,84,78,69,100,74,99,106,89,113,120,159,203,245,300,304,348,390,356,324,368,280,258,226,195,213,190,193,167,178,173,176,181,184,170,180,151,160,176,199,210,208,201,205,189,190,156,165,168,152,160,191,192,157,145,135,115,116,88,81,69,69,50,53,37,44,46,25,26,37,27,35,18,21,15,8,11,11,6,4,3,2,1,2,1,1,0,0,0,0,0,0,0,0,0,0,0,0,0,0,50,52,37,48,39,50,53,53,59,59,61,73,87,67,78,83,87,106,92,113,143,180,215,270,314,294,335,324,310,270,240,261,216,193,182,157,145,160,167,156,144,143,163,173,170,143,140,140,184,179,200,197,213,216,175,219,226,210,171,196,161,177,174,203,180,157,138,132,99,114,87,82,76,56,63,62,42,48,33,34,37,35,33,29,31,33,27,20,21,19,11,12,6,5,2,4,3,2,0,0,0,0,0,0,0,0,0,0,0,0,0
3017058600,2024-05-31,대전광역시,서구,월평1동,11261,6110,5151,15,18,29,11,8,16,18,11,20,16,19,22,29,31,22,25,28,26,33,29,39,53,76,125,151,167,257,259,232,237,205,199,166,122,118,91,92,89,87,71,66,88,94,86,71,79,96,60,93,66,71,87,83,96,106,104,95,88,85,69,82,99,89,86,70,73,66,77,51,59,36,40,37,24,30,37,30,23,18,17,19,20,16,12,6,18,8,9,3,5,0,2,2,0,1,0,0,0,0,0,0,0,0,0,0,0,0,0,0,0,0,9,10,14,14,14,13,14,13,18,15,19,26,24,16,25,23,29,25,26,26,42,56,95,128,159,189,180,178,161,147,156,122,106,76,74,67,49,44,45,57,76,69,60,54,41,51,43,42,58,54,78,89,71,86,89,93,78,83,87,79,72,85,74,87,80,67,75,55,66,65,48,32,44,49,30,27,27,28,16,23,19,32,31,14,13,16,23,11,8,15,7,5,5,0,6,7,1,2,0,0,0,0,0,0,1,0,0,0,0,0,0
3017058700,2024-05-31,대전광역시,서구,월평2동,13523,6412,7111,23,23,29,33,22,25,30,30,34,53,47,50,50,49,68,56,61,73,61,61,54,62,63,75,77,82,83,96,106,85,84,72,73,75,69,87,66,66,72,62,61,59,67,80,77,70,74,74,89,90,90,100,101,132,120,121,115,106,114,122,108,138,120,153,142,138,123,135,113,115,74,93,73,60,65,61,62,58,29,23,27,48,36,30,31,14,20,19,11,10,7,7,6,8,2,0,3,0,0,0,0,0,0,0,0,1,0,0,0,0,0,14,19,29,14,20,23,28,44,54,44,47,50,54,51,51,55,69,63,67,53,55,52,62,64,68,76,72,69,82,56,66,78,89,61,64,51,70,52,70,66,65,88,97,85,74,78,79,94,94,95,115,124,130,135,126,157,156,118,125,136,121,157,147,161,165,157,119,116,117,129,101,94,54,75,85,61,68,70,44,56,70,63,78,54,62,55,57,40,30,35,27,25,16,10,15,13,10,3,2,2,1,2,0,0,1,0,0,0,0,0,0
3017058800,2024-05-31,대전광역시,서구,월평3동,20403,9945,10458,53,76,57,62,55,65,85,101,112,103,110,108,120,139,120,133,149,137,122,122,147,120,135,140,131,115,115,122,124,111,118,122,108,128,130,118,118,103,104,137,124,142,129,134,161,148,129,136,123,145,178,175,187,182,177,182,134,146,149,170,127,166,187,195,189,178,183,142,123,131,97,88,86,56,60,57,32,40,42,31,30,25,35,12,21,14,12,20,9,3,13,4,2,2,3,2,1,1,0,0,0,0,0,0,0,0,0,0,0,0,0,44,57,55,48,54,57,76,88,92,97,105,108,117,136,113,102,124,102,107,114,109,84,79,112,106,86,97,85,92,110,110,137,136,127,120,123,128,111,142,141,150,156,168,173,169,163,144,176,175,166,187,215,204,194,192,219,182,181,179,253,171,222,203,217,231,161,157,134,150,142,76,84,84,51,62,66,54,56,30,45,31,51,38,26,37,37,23,24,27,25,16,6,17,8,9,4,2,4,0,0,0,0,0,0,0,0,0,0,0,0,0
3017059000,2024-05-31,대전광역시,서구,가수원동,10356,5066,5290,17,24,16,18,17,22,22,31,40,30,45,53,47,36,40,51,53,38,47,53,46,44,56,50,66,79,78,64,75,67,80,56,58,62,52,50,40,50,62,53,46,62,65,68,76,59,58,73,74,87,82,91,98,85,92,108,85,86,84,93,90,84,98,117,96,103,74,88,89,82,57,54,56,42,62,40,52,53,23,34,22,36,29,19,29,13,10,13,7,12,7,3,5,1,0,3,1,1,0,0,0,0,1,0,0,0,0,0,0,0,0,16,18,30,18,24,22,21,22,34,22,31,46,47,38,44,44,47,44,48,41,43,44,35,51,42,47,59,64,56,51,66,60,60,56,62,48,40,36,51,47,51,52,70,68,72,59,70,55,71,68,82,76,83,115,92,105,116,92,98,108,101,98,107,146,127,105,92,101,103,99,78,53,59,58,70,49,56,52,35,39,55,53,56,27,33,34,13,24,19,21,9,11,4,5,3,6,4,1,3,1,1,0,0,0,0,0,0,0,0,1,0
3017059300,2024-05-31,대전광역시,서구,도안동,36533,17916,18617,150,186,183,200,213,274,275,338,357,354,307,321,280,296,257,232,260,215,188,199,170,159,212,234,210,187,171,177,190,209,238,244,255,247,267,235,268,294,345,324,379,421,433,411,431,356,329,327,333,331,324,315,298,291,228,237,186,192,169,208,168,159,175,177,147,133,135,115,90,109,80,70,55,57,56,50,40,17,9,25,22,23,14,14,9,16,8,4,2,5,2,2,2,1,1,2,0,1,1,0,0,0,0,0,0,0,0,0,0,0,0,133,170,184,194,201,244,292,351,322,346,288,313,276,268,220,238,245,189,198,201,227,217,214,216,197,170,180,229,237,224,252,278,305,320,293,317,311,321,343,365,409,448,480,442,412,388,371,341,314,318,296,279,263,287,254,259,214,214,178,202,153,178,167,210,174,151,142,93,110,93,75,80,69,48,35,42,32,40,17,27,22,22,21,21,17,17,16,16,11,8,15,11,9,3,6,2,2,3,0,0,1,0,0,0,0,0,0,0,0,0,0
3017059600,2024-05-31,대전광역시,서구,관저1동,14884,6963,7921,51,44,41,33,46,42,37,50,69,67,57,80,75,78,74,77,78,72,75,69,80,109,126,130,129,125,114,103,125,124,132,97,113,100,87,103,85,73,78,70,77,98,105,78,95,82,88,100,112,95,102,102,113,139,115,133,120,121,123,132,90,128,107,126,103,96,83,69,88,67,40,60,45,24,43,31,35,42,20,24,24,30,28,20,18,16,20,10,8,4,5,3,0,2,1,4,0,0,0,0,0,1,0,0,0,0,0,0,0,0,0,35,39,44,50,46,40,49,40,52,56,63,73,65,65,59,61,78,85,51,84,134,128,130,169,140,127,127,152,108,139,130,138,112,100,96,95,81,71,76,101,90,109,102,100,115,111,105,109,124,150,124,138,140,169,161,171,147,136,137,148,86,143,132,145,107,93,83,80,82,58,53,61,42,57,67,37,47,40,33,38,44,37,40,25,37,25,22,29,23,22,13,10,9,5,5,6,3,1,5,0,0,1,0,0,0,0,0,0,0,0,0
3017059700,2024-05-31,대전광역시,서구,관저2동,48403,23570,24833,151,184,198,189,223,215,279,307,312,336,289,342,334,307,295,271,297,285,278,285,331,310,299,389,339,317,314,308,312,292,318,345,329,299,331,289,342,337,381,368,382,468,476,498,443,382,394,346,407,423,460,440,418,470,389,458,369,374,326,335,237,292,288,259,236,190,179,175,167,152,105,120,111,74,98,100,88,73,44,55,53,60,56,30,23,28,18,15,20,6,11,8,5,3,3,2,0,1,0,0,0,0,0,0,0,0,0,0,0,0,0,144,198,188,178,198,242,239,258,317,350,315,340,313,261,270,271,295,286,282,280,302,346,289,301,314,302,301,296,310,319,328,353,313,322,346,290,335,379,385,396,406,465,485,482,474,434,450,412,488,492,535,505,487,485,466,489,372,329,299,317,282,294,259,292,273,228,223,215,167,195,137,128,144,112,120,128,93,95,49,76,93,81,72,55,54,47,56,43,43,46,36,13,18,13,11,5,6,2,1,0,2,0,1,0,1,0,0,0,0,0,0
3017060000,2024-05-31,대전광역시,서구,기성동,3403,1751,1652,1,1,3,3,3,6,4,9,4,9,6,5,9,12,3,8,6,9,8,10,7,9,7,9,13,15,10,13,20,15,10,7,6,14,9,12,17,9,17,12,11,16,18,27,19,20,20,15,28,20,32,23,30,33,27,44,32,28,42,31,40,45,44,60,37,48,42,36,35,55,35,39,25,21,41,24,27,21,19,21,18,19,22,22,18,13,12,11,8,12,3,2,0,2,0,2,1,1,2,2,0,0,0,0,0,0,0,0,0,0,0,1,2,0,0,4,1,3,6,3,6,5,9,3,12,4,8,8,8,5,12,5,8,10,8,7,5,9,10,6,17,9,12,16,9,6,9,9,9,10,6,16,8,14,15,14,19,17,11,18,16,13,12,14,18,22,40,27,29,40,34,20,42,33,36,34,24,42,31,36,34,31,22,29,25,29,29,44,24,30,21,31,33,42,21,28,32,23,29,23,26,14,10,9,4,13,1,5,4,3,1,4,1,2,0,0,0,0,0,0,0,0
3017063000,2024-05-31,대전광역시,서구,둔산1동,16420,8081,8339,8,17,30,36,35,44,89,120,126,166,170,173,187,203,174,219,179,170,122,127,127,91,87,82,76,60,62,70,69,53,46,49,38,43,47,26,56,60,71,81,80,112,145,164,181,196,170,190,192,190,188,201,199,168,173,138,119,104,77,73,81,81,95,84,69,80,69,60,45,66,47,45,38,48,41,38,42,48,29,28,27,28,22,26,20,17,7,12,8,8,6,5,1,2,1,3,2,2,0,0,0,0,1,0,0,0,0,0,0,0,0,10,20,25,32,53,51,80,107,133,135,150,168,165,184,168,167,159,165,129,112,97,84,57,89,54,56,58,48,48,57,44,59,50,50,43,58,74,83,85,113,142,172,219,204,252,234,240,225,209,193,189,172,177,143,145,115,126,87,73,64,64,81,76,89,87,61,50,70,58,58,49,57,56,51,50,46,45,43,24,36,33,30,33,27,24,29,18,16,18,19,10,5,7,7,4,2,1,1,0,2,0,1,0,0,0,0,0,0,0,0,0
3017064000,2024-05-31,대전광역시,서구,둔산2동,35203,16971,18232,121,139,131,116,104,127,130,170,161,179,192,187,162,187,178,190,196,191,191,199,247,194,235,229,251,222,229,237,290,289,272,340,319,304,284,265,252,251,233,230,243,263,283,269,263,232,207,229,247,259,284,317,306,340,311,347,296,287,270,240,211,254,244,245,221,191,176,173,175,151,127,106,103,75,84,63,58,58,32,45,26,44,41,27,28,20,18,14,10,9,7,3,8,1,1,3,1,1,0,0,0,0,0,0,0,0,0,0,0,0,0,125,119,110,112,117,120,127,158,140,158,171,192,170,193,165,169,181,165,183,162,197,179,176,241,256,274,293,316,308,335,292,329,327,280,247,274,233,288,236,263,286,303,313,280,327,261,295,291,313,324,367,395,385,400,364,396,355,272,256,311,202,255,255,294,232,195,198,173,157,150,126,94,98,69,84,76,63,65,45,52,60,56,40,52,50,35,27,27,29,19,21,19,11,10,8,5,2,0,1,1,0,1,0,0,0,0,0,0,0,0,0
3017065000,2024-05-31,대전광역시,서구,만년동,12181,6207,5974,41,33,27,41,33,27,37,38,43,51,37,42,58,63,57,55,68,70,62,62,63,77,66,97,120,168,175,164,181,171,167,134,141,119,103,95,98,80,83,63,82,71,78,100,74,63,80,75,67,73,116,119,122,130,91,117,97,79,91,93,78,106,83,86,97,73,68,56,48,54,39,30,26,21,31,21,24,19,8,13,13,15,16,13,10,6,5,7,1,3,1,2,2,2,2,0,0,0,0,0,0,0,0,0,0,0,0,0,0,0,0,33,39,32,35,32,32,28,44,37,45,41,39,45,50,38,41,77,69,60,48,73,46,55,71,98,94,98,113,111,129,114,109,107,102,91,89,83,87,75,67,77,90,71,92,96,79,93,97,103,126,114,121,115,127,112,125,95,111,105,119,97,88,88,115,86,76,60,66,31,57,36,47,27,29,21,26,32,22,15,25,17,24,28,15,11,13,8,13,7,19,3,6,6,3,4,2,2,1,2,1,0,0,0,0,0,0,0,0,0,0,0
3017066000,2024-05-31,대전광역시,서구,둔산3동,18976,9098,9878,17,18,27,45,35,47,59,68,88,89,92,127,138,157,153,164,162,165,142,128,116,109,112,129,130,115,128,112,120,101,106,84,79,94,68,61,49,63,79,88,82,119,98,125,142,139,166,141,144,154,148,189,190,199,170,205,156,168,128,140,135,131,137,154,141,118,111,105,118,108,85,88,66,71,85,67,65,84,33,46,31,39,45,26,17,28,18,20,14,8,12,10,4,2,3,5,0,1,0,0,0,0,0,0,0,0,0,0,0,0,0,18,22,19,32,34,45,60,75,69,84,91,114,128,158,130,117,148,141,131,111,82,101,103,111,111,113,118,109,103,86,90,82,81,75,70,57,67,73,97,83,107,146,144,189,165,178,201,170,195,187,212,196,213,220,194,200,152,142,136,136,110,159,146,160,160,152,143,150,126,161,118,86,91,82,98,99,87,90,38,58,64,60,72,50,46,49,31,29,21,30,23,18,14,13,5,6,2,2,2,1,1,1,1,0,0,0,0,0,0,1,0
3020052000,2024-05-31,대전광역시,유성구,진잠동,25448,12989,12459,67,64,54,75,78,81,89,96,113,116,112,120,113,125,118,126,116,112,140,145,144,168,164,189,167,177,174,170,185,181,204,202,174,158,188,150,162,166,162,150,177,191,195,188,199,171,215,181,216,238,235,239,248,303,269,280,223,263,179,220,204,250,214,236,204,183,172,166,139,154,108,100,92,84,94,75,70,73,35,51,47,54,58,36,35,30,32,16,12,10,11,4,5,2,3,2,0,1,2,0,0,0,0,0,0,0,0,0,0,0,0,59,75,59,69,53,79,64,107,99,91,113,107,110,115,85,104,117,108,116,114,126,136,135,153,155,124,125,143,165,135,169,174,153,157,121,114,120,122,142,129,146,165,191,187,198,162,177,201,218,202,268,250,253,263,241,266,252,209,246,223,195,206,217,224,210,178,185,166,136,192,116,111,116,86,95,89,97,63,52,82,73,74,75,52,64,58,56,37,43,33,24,25,22,12,14,7,3,3,3,2,0,2,1,0,0,0,0,0,0,0,0
3020052600,2024-05-31,대전광역시,유성구,학하동,19473,10088,9385,79,99,101,108,80,92,90,87,120,104,91,98,87,78,78,78,77,51,59,61,89,109,207,260,247,227,180,169,164,185,173,178,179,164,172,178,166,152,185,158,159,178,201,185,146,163,129,112,127,130,139,133,131,128,142,142,115,134,133,152,115,139,178,155,157,158,136,119,93,106,83,65,59,47,53,35,35,34,28,22,19,19,20,9,11,11,7,8,7,4,8,3,2,1,2,0,0,1,0,0,0,0,0,0,0,0,0,0,0,0,0,90,95,101,97,83,76,85,105,87,89,90,81,88,69,74,74,47,69,50,82,122,154,146,144,129,90,103,111,140,149,135,165,194,172,165,163,160,135,153,143,152,186,157,159,139,125,123,114,123,117,133,155,155,160,145,163,138,130,146,159,164,178,170,181,183,116,136,98,85,84,73,53,41,32,34,38,30,24,15,31,24,23,25,15,11,16,16,15,23,14,14,10,8,8,6,1,2,1,2,0,0,0,0,0,0,0,0,0,0,1,0
3020052700,2024-05-31,대전광역시,유성구,상대동,25258,12279,12979,74,80,113,107,142,141,166,191,223,186,194,191,200,201,175,198,185,178,156,139,148,161,127,118,127,118,143,106,95,121,89,109,98,110,119,140,131,155,176,218,223,257,226,244,270,230,214,204,204,225,221,234,225,245,181,223,170,204,184,168,144,164,165,197,175,129,138,127,120,99,83,72,58,52,40,50,42,32,23,15,21,25,23,14,12,13,9,13,8,5,2,4,2,0,1,0,1,0,0,0,0,0,0,0,0,0,0,0,0,0,0,46,92,111,99,125,141,180,181,205,203,203,190,182,194,190,171,161,170,155,137,131,116,105,118,130,107,117,98,99,116,125,111,147,170,149,177,180,210,209,222,233,288,275,284,268,246,247,237,270,222,268,240,240,217,220,222,214,175,169,208,146,168,178,216,184,149,127,105,104,96,75,83,52,46,59,41,41,40,27,29,30,24,34,26,27,22,18,16,20,11,13,11,5,11,9,8,5,1,3,1,1,1,0,0,0,0,0,0,0,0,0
3020053000,2024-05-31,대전광역시,유성구,온천1동,26631,13889,12742,51,54,45,40,42,32,27,24,45,36,25,43,31,43,40,32,47,53,64,78,75,127,155,237,277,342,468,489,516,488,502,489,443,323,349,308,252,221,205,165,215,189,198,179,181,149,161,154,169,180,160,196,179,211,207,203,197,211,196,203,183,209,192,232,204,157,169,147,156,134,96,109,100,59,71,87,68,61,38,52,58,49,43,29,40,29,29,16,7,8,4,10,8,4,5,1,2,0,1,0,0,1,0,0,0,0,0,0,0,0,0,52,47,44,38,26,29,33,30,34,33,34,45,34,40,33,38,45,43,57,86,108,120,223,349,337,401,451,467,416,409,363,351,328,258,227,202,170,147,168,125,122,141,146,144,129,109,135,120,136,142,143,177,162,184,186,217,196,191,180,214,161,178,203,204,198,167,156,160,133,123,108,104,96,84,100,85,94,77,66,57,63,78,70,49,54,46,33,29,37,30,20,20,9,6,9,8,4,1,1,0,2,0,1,0,1,1,1,0,0,0,0
3020054000,2024-05-31,대전광역시,유성구,온천2동,40577,21357,19220,105,128,127,111,121,143,168,155,193,175,153,183,149,137,127,143,153,148,157,233,266,326,482,689,765,779,722,633,560,527,430,372,355,316,322,322,291,312,312,270,272,293,316,310,266,254,253,238,271,254,255,268,292,283,274,295,221,284,261,268,245,281,262,291,279,243,237,213,202,210,154,154,140,92,119,96,100,83,51,63,53,46,42,39,27,24,24,16,25,13,12,9,10,2,2,5,2,3,0,0,0,0,0,0,0,0,0,0,0,0,0,100,116,121,113,131,145,156,189,159,187,144,158,139,132,141,129,138,120,162,223,351,436,506,556,526,428,356,354,315,265,255,273,263,250,236,246,256,261,248,238,258,264,317,275,268,221,226,239,245,241,286,312,283,296,293,332,252,281,256,303,264,280,309,312,305,265,243,223,204,181,155,137,104,110,104,94,97,85,54,71,72,78,52,61,61,46,48,35,38,33,35,22,28,13,6,7,3,9,2,1,1,0,1,1,0,0,0,0,0,0,0
3020054600,2024-05-31,대전광역시,유성구,노은1동,21057,10447,10610,89,89,81,60,60,81,79,101,102,138,132,141,157,143,160,138,155,147,159,129,147,120,115,110,109,138,118,143,153,153,154,181,167,180,169,155,152,135,137,129,145,161,163,198,167,168,211,192,183,195,203,191,195,194,189,190,178,147,144,143,101,124,128,114,121,112,87,72,70,74,76,67,62,37,56,42,39,39,23,34,24,26,36,16,32,17,14,10,8,3,7,2,3,1,1,1,2,0,2,0,0,0,0,0,1,0,0,0,0,0,0,67,66,74,56,63,77,90,86,115,115,120,127,147,148,141,150,140,146,127,97,125,115,100,122,121,118,138,132,144,149,146,173,177,158,155,114,129,139,118,137,162,181,196,222,211,210,225,208,185,212,204,212,219,193,174,199,160,141,128,117,123,116,111,144,115,108,94,81,103,115,53,75,73,49,55,48,37,48,46,48,32,32,43,33,25,30,29,19,29,10,16,13,10,4,10,3,5,1,1,0,0,0,1,1,0,0,0,0,0,0,0
3020054700,2024-05-31,대전광역시,유성구,노은2동,23506,11497,12009,64,73,60,65,87,78,116,106,108,115,125,137,166,165,172,159,179,177,159,139,149,138,157,149,170,152,153,167,145,157,160,136,138,121,145,149,147,126,134,136,154,181,184,194,199,163,197,187,210,217,260,217,216,234,217,245,176,189,179,155,157,176,174,154,156,126,101,104,92,97,66,58,65,49,71,47,50,54,37,23,31,33,41,32,30,29,20,12,14,16,9,10,3,3,1,1,1,0,0,1,0,0,0,0,0,0,0,0,0,0,0,60,69,65,54,71,69,92,116,112,125,144,133,132,160,161,143,177,185,150,136,127,139,125,149,116,161,144,141,135,133,145,150,113,144,119,129,135,119,155,146,162,183,235,211,255,218,238,225,219,237,288,226,234,262,245,251,209,162,161,166,144,172,147,176,145,151,115,83,113,126,75,74,70,64,73,61,65,63,36,57,57,56,81,47,47,40,43,30,27,27,18,10,11,10,8,6,3,6,2,0,1,2,1,0,0,0,0,0,0,0,0
3020054800,2024-05-31,대전광역시,유성구,노은3동,36478,17889,18589,138,176,158,156,166,192,216,255,262,280,252,292,263,254,256,238,228,212,202,196,186,191,191,201,205,165,174,145,171,177,162,199,233,223,234,242,265,259,295,297,326,345,399,388,389,324,310,315,328,328,348,323,332,321,267,283,255,242,214,224,176,226,215,220,232,175,171,166,139,155,118,115,109,93,86,83,76,71,47,43,44,45,44,29,31,26,20,16,12,12,13,5,2,2,2,1,0,1,0,0,0,0,0,0,0,0,0,0,0,0,0,110,152,145,157,160,178,203,239,275,256,265,257,245,247,239,210,225,220,165,206,178,151,155,155,181,171,150,179,164,173,172,200,225,237,242,249,262,334,308,348,348,371,434,449,326,362,379,326,362,367,341,356,365,310,302,360,261,246,213,241,212,243,229,256,258,205,216,171,159,182,129,137,115,92,95,83,73,67,41,51,45,59,48,44,42,37,30,29,22,20,15,16,18,11,7,11,6,4,2,0,0,1,1,0,0,0,0,0,0,0,0
3020055000,2024-05-31,대전광역시,유성구,신성동,25674,13507,12167,114,111,125,119,99,120,133,148,130,148,144,144,137,150,142,146,132,131,133,166,134,127,107,177,192,218,277,304,319,341,365,341,380,365,334,298,235,236,223,177,188,196,210,225,201,184,186,200,206,187,208,196,206,202,197,205,173,157,134,156,135,140,142,137,165,95,108,115,93,102,63,62,60,31,61,40,30,46,25,20,32,34,21,21,19,15,9,18,3,5,7,1,6,2,2,1,1,1,0,0,0,0,0,0,0,0,0,0,0,0,0,95,101,109,107,111,114,94,139,129,144,114,131,127,133,108,131,127,114,114,95,131,112,115,154,194,232,262,243,263,241,227,214,267,235,214,225,236,197,184,176,190,234,191,214,208,195,185,184,162,196,216,216,178,196,187,183,164,161,149,159,122,130,143,165,120,104,111,101,89,98,47,59,50,40,49,45,37,42,22,36,33,28,26,35,22,35,25,16,23,22,16,14,15,6,3,2,4,2,0,3,0,0,0,0,0,0,0,0,0,0,0
3020057000,2024-05-31,대전광역시,유성구,전민동,26048,13427,12621,100,80,112,105,98,95,124,116,152,141,138,165,163,160,134,127,144,133,143,141,139,144,158,170,185,209,246,268,292,311,311,324,292,251,222,245,223,221,221,178,204,216,196,188,180,167,186,202,193,186,190,213,221,221,225,217,181,183,204,176,175,226,182,201,168,162,152,133,107,116,87,89,57,52,49,37,38,41,18,25,7,26,27,12,17,15,13,14,8,7,4,7,8,5,5,5,1,1,0,0,0,0,0,0,0,0,0,0,0,0,0,69,105,91,103,101,99,96,128,118,115,126,124,138,154,138,136,149,159,137,136,144,102,117,172,160,188,174,190,192,212,202,225,188,187,195,174,188,199,192,171,172,197,217,217,203,195,203,199,183,217,222,214,191,257,209,256,222,193,216,221,171,211,194,189,162,132,145,121,105,108,72,55,60,42,36,43,42,35,29,34,35,42,43,33,25,25,39,29,32,26,29,24,15,13,11,7,7,1,0,0,0,0,0,0,0,0,0,0,1,0,0
3020058000,2024-05-31,대전광역시,유성구,구즉동,33071,16938,16133,155,168,139,144,134,137,145,132,161,156,172,144,170,159,132,166,179,135,159,171,182,177,170,233,240,255,293,292,280,325,337,365,330,327,376,363,344,310,304,292,263,293,286,309,281,230,243,238,255,239,256,266,310,324,261,285,308,259,267,274,205,219,229,230,207,160,124,160,108,126,100,73,87,53,62,62,54,47,30,33,37,38,38,19,29,16,20,13,13,11,11,11,4,3,2,4,0,0,0,0,0,0,0,0,0,0,0,0,0,0,0,138,163,132,125,131,126,111,164,156,171,156,124,170,141,138,141,161,165,136,128,142,154,153,195,176,196,211,239,258,267,306,308,320,306,311,268,269,235,250,231,228,268,292,283,240,227,259,221,248,243,291,285,286,294,285,343,286,250,233,220,187,218,202,236,174,157,143,141,157,143,97,96,95,75,92,83,66,66,49,60,54,84,63,53,50,58,52,44,48,41,23,15,10,9,11,9,7,3,2,2,2,1,0,1,0,0,0,0,0,0,0
3020060000,2024-05-31,대전광역시,유성구,관평동,35349,18043,17306,88,116,159,182,169,244,255,241,281,252,226,246,302,270,262,227,283,272,240,226,261,219,217,203,233,216,222,231,234,236,264,259,283,268,291,290,305,273,263,298,306,359,368,322,358,324,301,297,307,344,371,331,376,376,332,325,305,271,230,175,184,189,166,173,158,137,160,113,106,110,60,71,61,44,46,49,38,28,18,20,20,21,22,14,10,3,6,6,8,8,0,3,1,0,4,0,0,0,0,0,1,0,0,0,0,0,0,0,0,0,0,114,133,134,181,186,191,221,227,252,287,257,265,229,246,237,233,257,262,189,205,210,189,167,204,225,207,236,203,228,176,208,252,257,245,257,270,260,280,262,292,336,363,360,330,367,315,354,316,355,368,376,362,346,296,333,303,226,201,182,175,154,170,166,159,148,156,118,101,111,91,79,64,55,29,37,39,40,28,26,28,26,34,32,25,30,27,13,21,15,23,11,17,13,8,6,1,2,3,0,1,0,0,1,0,0,0,0,0,0,0,0
3020061000,2024-05-31,대전광역시,유성구,원신흥동,30113,14403,15710,132,177,166,210,201,213,183,182,168,153,193,169,180,150,147,159,165,125,149,131,134,117,131,167,151,152,130,150,172,179,221,230,237,270,257,270,261,299,277,256,283,329,311,291,297,231,265,211,233,198,217,244,232,196,191,209,193,185,192,175,152,175,166,191,164,139,116,137,118,128,98,93,70,61,85,67,53,40,38,25,31,31,27,18,19,14,12,10,8,7,3,3,2,2,0,2,0,1,0,0,0,0,0,0,0,0,0,0,0,0,0,112,113,144,194,171,167,142,166,181,168,153,163,157,154,175,138,143,122,142,116,121,134,141,129,147,141,172,195,190,224,237,284,296,281,283,273,281,274,276,293,301,336,330,312,297,300,259,265,217,228,244,255,250,259,228,256,245,201,208,213,186,236,227,244,220,190,188,165,179,146,95,105,95,70,79,58,64,54,35,54,45,43,65,34,40,27,26,22,21,20,14,16,12,12,5,8,4,2,2,1,2,0,0,1,0,0,0,0,1,0,0
3023051000,2024-05-31,대전광역시,대덕구,오정동,13863,7241,6622,21,20,22,20,22,23,21,21,24,35,28,34,47,56,48,51,56,43,50,75,74,100,119,145,157,108,100,92,105,99,92,102,92,84,81,77,71,80,78,64,64,90,92,87,97,78,92,90,108,105,127,127,120,125,159,161,128,134,127,152,96,140,138,181,161,142,146,137,124,115,86,82,88,83,60,74,53,66,50,47,42,42,47,26,17,20,27,9,11,9,7,3,6,2,1,0,2,0,0,1,0,0,0,0,0,0,0,0,0,0,0,18,13,20,19,15,25,21,25,32,27,25,45,38,30,48,31,49,34,57,90,152,144,147,114,102,73,99,85,67,67,78,66,58,53,44,55,61,58,55,52,52,50,55,70,85,71,64,78,81,82,84,88,92,105,96,123,124,101,130,144,126,135,148,186,137,136,127,127,118,113,99,95,103,71,80,72,88,72,32,62,40,52,67,36,38,32,23,25,24,18,21,10,11,7,8,2,3,2,3,1,1,1,1,2,0,0,0,0,0,0,0
3023052000,2024-05-31,대전광역시,대덕구,대화동,6354,3320,3034,11,11,6,10,5,6,12,7,19,15,16,18,17,26,21,26,31,21,16,33,31,33,32,31,34,40,28,31,45,45,39,41,51,48,51,31,43,26,32,28,30,49,44,69,52,45,43,43,45,55,66,61,75,67,70,80,66,62,62,62,57,58,67,79,78,65,57,64,63,65,42,47,60,45,27,24,33,27,19,20,16,19,21,11,10,7,5,10,3,1,1,0,0,2,2,1,1,0,0,0,0,0,0,0,0,0,0,0,0,0,0,5,8,10,10,5,7,11,9,11,11,11,19,15,15,19,21,23,19,14,18,14,27,16,35,27,26,30,42,37,25,25,30,35,25,27,34,31,21,35,30,36,37,55,34,51,30,35,36,42,45,41,63,59,57,57,63,57,59,45,62,39,62,70,70,81,46,62,60,58,62,47,42,49,26,33,51,42,33,35,28,19,35,34,23,23,13,16,18,12,12,6,5,6,6,2,3,2,3,2,1,0,0,0,0,0,0,0,0,0,0,0
3023052500,2024-05-31,대전광역시,대덕구,회덕동,12646,6480,6166,25,41,30,28,31,26,30,30,33,33,35,34,49,49,43,51,45,52,57,57,46,54,49,59,71,73,75,77,82,72,94,111,86,95,85,77,70,74,70,68,70,79,92,83,73,66,94,89,86,87,114,116,125,128,132,136,124,117,115,116,120,142,137,135,137,129,125,137,126,116,64,65,71,70,67,62,60,49,30,37,45,54,30,22,28,12,26,16,14,14,7,6,8,4,1,3,0,1,1,0,0,0,0,0,0,0,0,0,0,0,0,23,22,35,18,26,31,30,31,26,34,34,34,44,32,41,48,31,44,41,56,31,38,57,59,46,51,63,70,78,66,73,77,59,56,54,53,62,67,53,63,48,57,80,79,80,46,74,62,82,90,107,111,110,106,110,139,148,101,124,111,108,126,131,189,163,118,104,107,117,122,78,86,78,67,58,69,75,56,40,41,52,77,53,46,55,43,30,34,30,28,15,13,13,5,5,4,3,2,2,0,0,0,0,1,0,0,0,0,0,0,0
3023053300,2024-05-31,대전광역시,대덕구,비래동,15188,7529,7659,26,28,25,24,26,37,40,41,44,49,56,44,59,59,59,84,87,84,82,77,102,96,89,99,94,107,107,99,103,90,104,112,93,78,72,68,63,66,66,69,72,84,92,93,108,103,104,90,125,116,150,154,144,166,181,172,156,143,130,128,133,142,156,160,124,134,133,116,119,117,78,75,73,70,84,67,55,49,31,33,36,48,34,23,26,24,17,12,6,14,8,4,2,2,0,2,1,0,0,1,1,0,0,0,0,0,0,0,0,0,0,22,19,21,25,21,25,32,45,45,50,39,56,56,58,58,64,80,67,64,72,82,89,93,91,70,80,93,86,114,67,66,83,58,56,63,56,61,52,65,36,70,81,95,102,95,119,96,111,109,116,157,179,151,167,169,177,161,152,161,137,115,179,160,180,166,145,145,134,138,135,90,87,85,60,77,70,80,65,43,69,47,67,51,37,43,37,21,34,23,19,13,12,15,12,6,6,1,2,1,3,1,0,0,0,0,0,0,0,0,0,0
3023054300,2024-05-31,대전광역시,대덕구,송촌동,25887,12835,13052,44,47,56,56,72,52,82,89,105,124,135,137,154,153,169,146,160,207,167,182,215,184,188,214,209,189,183,199,181,184,130,155,129,135,120,115,126,121,121,136,138,159,180,183,183,173,191,178,200,227,247,257,278,290,336,290,305,268,270,256,192,242,222,260,210,150,153,148,133,114,73,69,69,58,43,65,46,47,32,32,32,45,45,26,35,22,20,19,20,7,12,3,4,3,0,2,1,1,0,0,0,0,0,0,0,0,0,0,0,0,0,44,46,65,56,57,78,84,95,112,96,127,145,144,149,145,178,168,193,171,135,145,135,175,172,198,154,168,169,150,153,135,123,126,113,97,105,116,111,110,129,139,167,193,216,181,220,244,212,280,257,299,323,337,354,298,326,272,273,224,243,198,245,203,213,186,170,138,127,131,93,80,88,90,64,79,57,53,77,42,57,44,84,58,52,42,54,35,26,26,32,9,16,14,14,8,8,5,0,0,0,2,1,0,0,0,0,1,0,0,0,0
3023054600,2024-05-31,대전광역시,대덕구,중리동,18474,9637,8837,28,29,27,29,29,30,34,40,32,50,52,66,57,63,68,76,70,71,81,84,77,117,131,143,157,139,142,174,186,169,157,165,148,122,108,106,104,92,120,79,93,144,115,144,134,120,149,134,148,167,208,181,183,210,189,226,191,189,184,184,180,189,156,216,191,164,177,133,132,121,92,95,77,85,70,89,59,72,44,51,46,56,29,31,26,28,26,15,12,12,3,7,3,4,1,0,0,0,0,0,0,0,0,0,0,0,0,0,0,0,0,19,19,23,22,25,39,25,47,48,43,44,46,64,60,59,59,59,73,66,71,83,114,82,116,143,126,119,131,133,128,123,92,105,84,61,70,92,61,92,70,77,102,111,101,102,125,121,100,134,148,155,152,165,173,174,200,147,177,174,196,154,202,157,214,181,195,159,158,157,157,124,84,93,60,99,97,71,70,55,63,74,58,64,48,43,38,43,43,29,20,16,12,10,5,2,5,3,2,0,0,0,1,1,0,0,0,0,0,0,0,0
3023055000,2024-05-31,대전광역시,대덕구,신탄진동,15446,7945,7501,60,58,37,41,36,38,44,48,40,44,46,52,53,52,45,44,58,85,66,76,67,67,84,79,92,119,102,129,123,137,115,140,148,129,149,129,112,114,102,105,118,115,116,107,104,95,94,101,107,127,144,140,141,151,150,171,181,131,139,152,127,147,135,166,118,123,117,98,110,114,65,74,88,61,71,42,62,45,34,44,41,36,43,22,29,26,9,10,11,7,10,4,3,1,0,2,0,1,0,0,0,0,0,0,0,0,0,0,0,0,0,54,60,48,43,47,37,42,38,51,53,48,51,56,54,51,51,51,40,38,50,57,60,65,89,65,71,94,91,93,90,108,120,120,115,105,89,72,86,93,79,66,88,104,85,82,89,100,95,129,116,113,132,120,163,148,175,130,163,126,164,108,126,143,168,133,106,126,103,124,133,97,86,81,59,64,65,63,59,33,49,44,64,76,37,38,32,31,37,18,17,24,8,10,2,4,6,7,2,1,0,0,1,0,1,1,0,0,0,0,1,0
3023056000,2024-05-31,대전광역시,대덕구,석봉동,16088,8243,7845,50,82,63,75,73,81,83,91,98,129,129,103,102,104,77,85,68,68,66,69,63,66,75,83,92,111,109,121,101,116,114,131,123,122,126,123,146,147,142,142,141,160,160,173,183,144,133,146,110,130,121,138,110,136,122,143,137,133,114,133,92,123,120,141,125,98,84,74,85,74,50,56,57,32,38,32,29,36,22,21,13,21,23,13,12,19,5,8,6,4,5,3,3,1,1,1,0,0,0,0,0,0,0,0,0,0,0,0,0,0,0,51,71,72,51,71,69,86,96,99,93,109,102,86,97,66,73,61,72,63,56,61,58,63,49,72,88,81,70,101,101,126,95,126,113,131,98,133,130,149,129,153,159,151,136,151,98,118,111,107,106,147,137,126,137,153,130,134,136,128,122,92,108,130,134,122,92,85,76,82,81,56,57,44,36,39,38,37,33,18,24,42,26,37,35,25,22,16,17,19,19,11,2,8,6,4,5,2,5,1,0,0,0,1,0,0,0,0,0,0,0,0
3023057000,2024-05-31,대전광역시,대덕구,덕암동,12824,6905,5919,22,30,22,26,26,27,19,39,28,34,40,34,49,40,43,47,57,44,51,64,76,77,88,95,123,114,121,111,121,141,127,130,125,108,96,95,89,80,74,83,73,81,98,89,85,71,98,83,99,117,139,139,148,140,132,162,120,145,142,123,111,144,117,125,101,113,102,89,78,97,65,60,62,47,59,44,52,48,27,32,25,43,32,19,20,17,25,18,9,5,5,1,2,2,2,3,1,2,0,1,0,0,0,0,0,0,0,0,0,0,0,20,28,19,25,28,24,18,29,25,22,38,33,37,48,39,44,51,46,49,53,49,61,75,64,63,89,74,86,89,94,76,78,72,61,56,46,57,63,65,49,63,47,79,76,72,73,82,82,105,78,98,122,91,108,138,131,131,101,103,108,94,105,106,125,114,101,98,91,76,94,62,66,68,51,66,57,58,44,35,51,42,69,45,33,19,31,34,30,24,25,23,11,9,10,5,2,4,3,2,1,3,0,1,0,0,0,0,0,0,0,0
3023058000,2024-05-31,대전광역시,대덕구,목상동,6030,3278,2752,16,14,8,13,11,14,14,15,22,28,21,24,18,23,22,33,30,28,19,25,28,22,34,29,51,57,63,57,56,63,66,60,56,69,74,65,47,47,44,56,63,45,68,52,60,61,52,52,63,50,69,64,70,61,74,65,52,56,62,55,52,44,47,57,52,41,37,37,37,27,16,19,19,17,16,15,13,20,10,7,11,7,10,7,6,2,6,3,3,1,1,1,0,0,1,0,0,0,0,0,0,0,0,0,0,0,0,0,0,0,0,4,18,13,8,20,15,8,20,13,19,15,28,24,33,24,37,32,18,20,24,27,11,27,37,42,42,61,44,43,43,36,48,35,29,35,38,23,25,35,24,35,40,35,47,55,43,44,44,41,38,59,41,50,68,49,46,52,52,30,48,53,53,47,72,36,33,45,37,25,25,28,22,19,22,16,25,19,11,5,13,14,12,18,13,8,12,12,8,9,9,0,4,2,2,0,1,0,2,0,2,0,1,2,0,0,0,0,0,0,0,0
3023060000,2024-05-31,대전광역시,대덕구,법1동,12327,5758,6569,35,47,41,38,29,31,31,28,43,36,39,41,42,41,53,39,60,48,55,50,47,42,53,70,73,71,84,60,77,88,76,81,85,83,75,81,83,64,72,67,77,69,89,73,92,78,74,58,71,95,100,83,76,105,108,113,126,114,111,111,101,124,118,130,102,107,92,95,80,87,60,56,62,52,43,39,44,36,26,38,35,20,23,21,13,15,10,12,10,8,6,5,2,0,1,2,0,0,1,0,0,0,0,0,0,0,0,0,0,0,0,41,30,38,38,38,39,28,47,38,38,45,41,42,40,39,62,47,44,54,53,42,48,49,45,57,64,71,77,61,69,67,99,91,90,78,64,67,64,63,60,63,67,75,81,80,85,63,87,69,84,105,101,115,151,149,159,156,121,133,119,96,134,115,134,142,117,101,113,98,108,81,86,83,57,62,88,76,72,39,48,55,69,41,53,29,51,36,28,23,25,15,18,13,13,4,7,2,1,0,1,1,1,0,1,1,0,0,0,0,0,0
3023061000,2024-05-31,대전광역시,대덕구,법2동,14963,7272,7691,28,32,27,23,41,36,39,42,56,51,59,58,58,68,73,51,72,68,68,78,89,82,90,111,120,104,113,87,89,78,75,88,79,76,69,74,59,57,76,64,76,75,95,79,78,101,78,74,112,95,119,104,125,157,147,171,163,127,144,147,114,161,159,190,166,145,133,150,120,108,81,78,81,61,64,57,54,63,32,33,36,33,31,17,22,23,19,13,18,9,7,8,7,0,2,1,0,0,0,0,1,0,0,0,0,0,0,0,0,0,0,20,28,18,15,22,51,41,42,47,47,48,44,56,56,50,43,72,64,70,73,63,66,75,97,69,77,58,91,74,73,74,72,71,58,64,66,60,59,35,69,77,86,84,85,89,100,87,109,109,134,160,158,153,171,140,182,183,159,135,167,166,181,170,203,184,146,132,120,131,128,98,84,101,69,83,78,65,74,46,50,48,74,64,45,56,48,40,28,30,29,20,10,8,11,8,7,3,2,1,1,1,2,0,0,0,0,0,0,0,0,0
